2026-05-03T22:17:19, 2026-05-04T04:23:18, 2026-05-04T04:30:33, 2026-05-04T04:31:55, sol, 1, sg009, 1, 0, a100, 48, 0;1;2;3;4;5;6;7;8;9;10;11;12;13;14;15;16;17;18;19;20;21;22;23;24;25;26;27;28;29;30;31;32;33;34;35;36;37;38;39;40;41;42;43;44;45;46;47, streaming-3, performance, prod, 1, sg009, 1, a100, 0, 8, N/A, 1, 8, 500, 0, 0, 0, 0, 0, 0, 0, 5000, 5000, 5000, 1, 0.012, 50000, 33.6254, 1486.973, N/A
2026-05-03T22:17:19, 2026-05-04T04:23:18, 2026-05-04T04:31:55, 2026-05-04T04:33:16, sol, 1, sg009, 1, 0, a100, 48, 0;1;2;3;4;5;6;7;8;9;10;11;12;13;14;15;16;17;18;19;20;21;22;23;24;25;26;27;28;29;30;31;32;33;34;35;36;37;38;39;40;41;42;43;44;45;46;47, streaming-3, performance, prod, 1, sg009, 1, a100, 0, 8, N/A, 1, 8, 500, 0, 0, 0, 0, 0, 0, 0, 5000, 5000, 5000, 1, 0.012, 50000, 33.4371, 1495.345, N/A
2026-05-03T22:17:19, 2026-05-04T04:23:18, 2026-05-04T04:33:17, 2026-05-04T04:34:38, sol, 1, sg009, 1, 0, a100, 48, 0;1;2;3;4;5;6;7;8;9;10;11;12;13;14;15;16;17;18;19;20;21;22;23;24;25;26;27;28;29;30;31;32;33;34;35;36;37;38;39;40;41;42;43;44;45;46;47, streaming-3, performance, prod, 1, sg009, 1, a100, 0, 8, N/A, 1, 8, 500, 0, 0, 0, 0, 0, 0, 0, 5000, 5000, 5000, 1, 0.012, 50000, 33.208, 1505.661, N/A
2026-05-03T22:17:19, 2026-05-04T04:23:18, 2026-05-04T04:34:38, 2026-05-04T04:35:59, sol, 1, sg009, 1, 0, a100, 48, 0;1;2;3;4;5;6;7;8;9;10;11;12;13;14;15;16;17;18;19;20;21;22;23;24;25;26;27;28;29;30;31;32;33;34;35;36;37;38;39;40;41;42;43;44;45;46;47, streaming-3, performance, prod, 1, sg009, 1, a100, 0, 8, N/A, 1, 8, 500, 0, 0, 0, 0, 0, 0, 0, 5000, 5000, 5000, 1, 0.012, 50000, 33.2133, 1505.419, N/A
2026-05-03T22:17:19, 2026-05-04T04:23:18, 2026-05-04T04:35:59, 2026-05-04T04:37:20, sol, 1, sg009, 1, 0, a100, 48, 0;1;2;3;4;5;6;7;8;9;10;11;12;13;14;15;16;17;18;19;20;21;22;23;24;25;26;27;28;29;30;31;32;33;34;35;36;37;38;39;40;41;42;43;44;45;46;47, streaming-3, performance, prod, 1, sg009, 1, a100, 0, 8, N/A, 1, 8, 500, 0, 0, 0, 0, 0, 0, 0, 5000, 5000, 5000, 1, 0.012, 50000, 33.2323, 1504.561, N/A
2026-05-03T22:17:19, 2026-05-04T04:23:18, 2026-05-04T04:44:16, 2026-05-04T04:45:38, sol, 1, sg009, 1, 0, a100, 48, 0;1;2;3;4;5;6;7;8;9;10;11;12;13;14;15;16;17;18;19;20;21;22;23;24;25;26;27;28;29;30;31;32;33;34;35;36;37;38;39;40;41;42;43;44;45;46;47, streaming-3, performance, prod, 1, sg009, 1, a100, 0, 8, N/A, 1, 8, 500, 0, 0, 0, 0, 0, 0, 0, 500, 500, 500, 1, 0.012, 50000, 34.0636, 1467.842, N/A
2026-05-03T22:17:19, 2026-05-04T04:23:18, 2026-05-04T04:45:38, 2026-05-04T04:46:59, sol, 1, sg009, 1, 0, a100, 48, 0;1;2;3;4;5;6;7;8;9;10;11;12;13;14;15;16;17;18;19;20;21;22;23;24;25;26;27;28;29;30;31;32;33;34;35;36;37;38;39;40;41;42;43;44;45;46;47, streaming-3, performance, prod, 1, sg009, 1, a100, 0, 8, N/A, 1, 8, 500, 0, 0, 0, 0, 0, 0, 0, 500, 500, 500, 1, 0.012, 50000, 33.7172, 1482.922, N/A
2026-05-03T22:17:19, 2026-05-04T04:23:18, 2026-05-04T04:47:00, 2026-05-04T04:48:22, sol, 1, sg009, 1, 0, a100, 48, 0;1;2;3;4;5;6;7;8;9;10;11;12;13;14;15;16;17;18;19;20;21;22;23;24;25;26;27;28;29;30;31;32;33;34;35;36;37;38;39;40;41;42;43;44;45;46;47, streaming-3, performance, prod, 1, sg009, 1, a100, 0, 8, N/A, 1, 8, 500, 0, 0, 0, 0, 0, 0, 0, 500, 500, 500, 1, 0.012, 50000, 34.0261, 1469.459, N/A
2026-05-03T22:17:19, 2026-05-04T04:23:18, 2026-05-04T04:48:22, 2026-05-04T04:49:43, sol, 1, sg009, 1, 0, a100, 48, 0;1;2;3;4;5;6;7;8;9;10;11;12;13;14;15;16;17;18;19;20;21;22;23;24;25;26;27;28;29;30;31;32;33;34;35;36;37;38;39;40;41;42;43;44;45;46;47, streaming-3, performance, prod, 1, sg009, 1, a100, 0, 8, N/A, 1, 8, 500, 0, 0, 0, 0, 0, 0, 0, 500, 500, 500, 1, 0.012, 50000, 33.7405, 1481.898, N/A
2026-05-03T22:17:19, 2026-05-04T04:23:18, 2026-05-04T04:49:44, 2026-05-04T04:51:05, sol, 1, sg009, 1, 0, a100, 48, 0;1;2;3;4;5;6;7;8;9;10;11;12;13;14;15;16;17;18;19;20;21;22;23;24;25;26;27;28;29;30;31;32;33;34;35;36;37;38;39;40;41;42;43;44;45;46;47, streaming-3, performance, prod, 1, sg009, 1, a100, 0, 8, N/A, 1, 8, 500, 0, 0, 0, 0, 0, 0, 0, 500, 500, 500, 1, 0.012, 50000, 33.8417, 1477.468, N/A
2026-05-03T22:17:19, 2026-05-04T04:23:18, 2026-05-04T04:58:09, 2026-05-04T04:59:35, sol, 1, sg009, 1, 0, a100, 48, 0;1;2;3;4;5;6;7;8;9;10;11;12;13;14;15;16;17;18;19;20;21;22;23;24;25;26;27;28;29;30;31;32;33;34;35;36;37;38;39;40;41;42;43;44;45;46;47, streaming-3, performance, prod, 1, sg009, 1, a100, 0, 8, N/A, 1, 8, 500, 0, 0, 0, 0, 0, 0, 0, 50, 50, 50, 1, 0.012, 50000, 38.4194, 1301.425, N/A
2026-05-03T22:17:19, 2026-05-04T04:23:18, 2026-05-04T04:59:35, 2026-05-04T05:01:01, sol, 1, sg009, 1, 0, a100, 48, 0;1;2;3;4;5;6;7;8;9;10;11;12;13;14;15;16;17;18;19;20;21;22;23;24;25;26;27;28;29;30;31;32;33;34;35;36;37;38;39;40;41;42;43;44;45;46;47, streaming-3, performance, prod, 1, sg009, 1, a100, 0, 8, N/A, 1, 8, 500, 0, 0, 0, 0, 0, 0, 0, 50, 50, 50, 1, 0.012, 50000, 37.7539, 1324.367, N/A
2026-05-03T22:17:19, 2026-05-04T04:23:18, 2026-05-04T05:01:01, 2026-05-04T05:02:27, sol, 1, sg009, 1, 0, a100, 48, 0;1;2;3;4;5;6;7;8;9;10;11;12;13;14;15;16;17;18;19;20;21;22;23;24;25;26;27;28;29;30;31;32;33;34;35;36;37;38;39;40;41;42;43;44;45;46;47, streaming-3, performance, prod, 1, sg009, 1, a100, 0, 8, N/A, 1, 8, 500, 0, 0, 0, 0, 0, 0, 0, 50, 50, 50, 1, 0.012, 50000, 37.7772, 1323.551, N/A
2026-05-03T22:17:19, 2026-05-04T04:23:18, 2026-05-04T05:02:27, 2026-05-04T05:03:52, sol, 1, sg009, 1, 0, a100, 48, 0;1;2;3;4;5;6;7;8;9;10;11;12;13;14;15;16;17;18;19;20;21;22;23;24;25;26;27;28;29;30;31;32;33;34;35;36;37;38;39;40;41;42;43;44;45;46;47, streaming-3, performance, prod, 1, sg009, 1, a100, 0, 8, N/A, 1, 8, 500, 0, 0, 0, 0, 0, 0, 0, 50, 50, 50, 1, 0.012, 50000, 37.5721, 1330.774, N/A
2026-05-03T22:17:19, 2026-05-04T04:23:18, 2026-05-04T05:03:52, 2026-05-04T05:05:19, sol, 1, sg009, 1, 0, a100, 48, 0;1;2;3;4;5;6;7;8;9;10;11;12;13;14;15;16;17;18;19;20;21;22;23;24;25;26;27;28;29;30;31;32;33;34;35;36;37;38;39;40;41;42;43;44;45;46;47, streaming-3, performance, prod, 1, sg009, 1, a100, 0, 8, N/A, 1, 8, 500, 0, 0, 0, 0, 0, 0, 0, 50, 50, 50, 1, 0.012, 50000, 38.0403, 1314.394, N/A
2026-05-03T22:17:19, 2026-05-04T04:23:18, 2026-05-04T05:12:59, 2026-05-04T05:14:48, sol, 1, sg009, 1, 0, a100, 48, 0;1;2;3;4;5;6;7;8;9;10;11;12;13;14;15;16;17;18;19;20;21;22;23;24;25;26;27;28;29;30;31;32;33;34;35;36;37;38;39;40;41;42;43;44;45;46;47, streaming-3, performance, prod, 1, sg009, 1, a100, 0, 8, N/A, 1, 8, 500, 0, 0, 0, 0, 0, 0, 0, 8, 8, 8, 1, 0.012, 50000, 61.2725, 816.027, N/A
2026-05-03T22:17:19, 2026-05-04T04:23:18, 2026-05-04T05:14:49, 2026-05-04T05:16:35, sol, 1, sg009, 1, 0, a100, 48, 0;1;2;3;4;5;6;7;8;9;10;11;12;13;14;15;16;17;18;19;20;21;22;23;24;25;26;27;28;29;30;31;32;33;34;35;36;37;38;39;40;41;42;43;44;45;46;47, streaming-3, performance, prod, 1, sg009, 1, a100, 0, 8, N/A, 1, 8, 500, 0, 0, 0, 0, 0, 0, 0, 8, 8, 8, 1, 0.012, 50000, 58.9087, 848.771, N/A
2026-05-03T22:17:19, 2026-05-04T04:23:18, 2026-05-04T05:16:36, 2026-05-04T05:18:24, sol, 1, sg009, 1, 0, a100, 48, 0;1;2;3;4;5;6;7;8;9;10;11;12;13;14;15;16;17;18;19;20;21;22;23;24;25;26;27;28;29;30;31;32;33;34;35;36;37;38;39;40;41;42;43;44;45;46;47, streaming-3, performance, prod, 1, sg009, 1, a100, 0, 8, N/A, 1, 8, 500, 0, 0, 0, 0, 0, 0, 0, 8, 8, 8, 1, 0.012, 50000, 60.281, 829.448, N/A
2026-05-03T22:17:19, 2026-05-04T04:23:18, 2026-05-04T05:18:24, 2026-05-04T05:20:10, sol, 1, sg009, 1, 0, a100, 48, 0;1;2;3;4;5;6;7;8;9;10;11;12;13;14;15;16;17;18;19;20;21;22;23;24;25;26;27;28;29;30;31;32;33;34;35;36;37;38;39;40;41;42;43;44;45;46;47, streaming-3, performance, prod, 1, sg009, 1, a100, 0, 8, N/A, 1, 8, 500, 0, 0, 0, 0, 0, 0, 0, 8, 8, 8, 1, 0.012, 50000, 57.739, 865.966, N/A
2026-05-03T22:17:19, 2026-05-04T04:23:18, 2026-05-04T05:20:10, 2026-05-04T05:21:56, sol, 1, sg009, 1, 0, a100, 48, 0;1;2;3;4;5;6;7;8;9;10;11;12;13;14;15;16;17;18;19;20;21;22;23;24;25;26;27;28;29;30;31;32;33;34;35;36;37;38;39;40;41;42;43;44;45;46;47, streaming-3, performance, prod, 1, sg009, 1, a100, 0, 8, N/A, 1, 8, 500, 0, 0, 0, 0, 0, 0, 0, 8, 8, 8, 1, 0.012, 50000, 57.7394, 865.960, N/A
2026-05-03T22:17:19, 2026-05-04T04:23:18, 2026-05-04T05:30:00, 2026-05-04T05:32:03, sol, 1, sg009, 1, 0, a100, 48, 0;1;2;3;4;5;6;7;8;9;10;11;12;13;14;15;16;17;18;19;20;21;22;23;24;25;26;27;28;29;30;31;32;33;34;35;36;37;38;39;40;41;42;43;44;45;46;47, streaming-3, performance, prod, 1, sg009, 1, a100, 0, 8, N/A, 1, 8, 500, 0, 0, 0, 0, 0, 0, 0, 5, 5, 5, 1, 0.012, 50000, 74.5765, 670.452, N/A
2026-05-03T22:17:19, 2026-05-04T04:23:18, 2026-05-04T05:32:03, 2026-05-04T05:34:03, sol, 1, sg009, 1, 0, a100, 48, 0;1;2;3;4;5;6;7;8;9;10;11;12;13;14;15;16;17;18;19;20;21;22;23;24;25;26;27;28;29;30;31;32;33;34;35;36;37;38;39;40;41;42;43;44;45;46;47, streaming-3, performance, prod, 1, sg009, 1, a100, 0, 8, N/A, 1, 8, 500, 0, 0, 0, 0, 0, 0, 0, 5, 5, 5, 1, 0.012, 50000, 72.1131, 693.355, N/A
2026-05-03T22:17:19, 2026-05-04T04:23:18, 2026-05-04T05:34:04, 2026-05-04T05:36:05, sol, 1, sg009, 1, 0, a100, 48, 0;1;2;3;4;5;6;7;8;9;10;11;12;13;14;15;16;17;18;19;20;21;22;23;24;25;26;27;28;29;30;31;32;33;34;35;36;37;38;39;40;41;42;43;44;45;46;47, streaming-3, performance, prod, 1, sg009, 1, a100, 0, 8, N/A, 1, 8, 500, 0, 0, 0, 0, 0, 0, 0, 5, 5, 5, 1, 0.012, 50000, 73.4501, 680.735, N/A
2026-05-03T22:17:19, 2026-05-04T04:23:18, 2026-05-04T05:36:05, 2026-05-04T05:38:03, sol, 1, sg009, 1, 0, a100, 48, 0;1;2;3;4;5;6;7;8;9;10;11;12;13;14;15;16;17;18;19;20;21;22;23;24;25;26;27;28;29;30;31;32;33;34;35;36;37;38;39;40;41;42;43;44;45;46;47, streaming-3, performance, prod, 1, sg009, 1, a100, 0, 8, N/A, 1, 8, 500, 0, 0, 0, 0, 0, 0, 0, 5, 5, 5, 1, 0.012, 50000, 69.8931, 715.378, N/A
2026-05-03T22:17:19, 2026-05-04T04:23:18, 2026-05-04T05:38:03, 2026-05-04T05:40:03, sol, 1, sg009, 1, 0, a100, 48, 0;1;2;3;4;5;6;7;8;9;10;11;12;13;14;15;16;17;18;19;20;21;22;23;24;25;26;27;28;29;30;31;32;33;34;35;36;37;38;39;40;41;42;43;44;45;46;47, streaming-3, performance, prod, 1, sg009, 1, a100, 0, 8, N/A, 1, 8, 500, 0, 0, 0, 0, 0, 0, 0, 5, 5, 5, 1, 0.012, 50000, 71.6335, 697.997, N/A
2026-05-03T22:17:19, 2026-05-04T04:23:18, 2026-05-04T05:52:20, 2026-05-04T05:56:49, sol, 1, sg009, 1, 0, a100, 48, 0;1;2;3;4;5;6;7;8;9;10;11;12;13;14;15;16;17;18;19;20;21;22;23;24;25;26;27;28;29;30;31;32;33;34;35;36;37;38;39;40;41;42;43;44;45;46;47, streaming-3, performance, prod, 1, sg009, 1, a100, 0, 8, N/A, 1, 8, 500, 0, 0, 0, 0, 0, 0, 0, 1, 1, 1, 1, 0.012, 50000, 220.834, 226.414, N/A
2026-05-03T22:17:19, 2026-05-04T04:23:18, 2026-05-04T05:56:49, 2026-05-04T06:01:11, sol, 1, sg009, 1, 0, a100, 48, 0;1;2;3;4;5;6;7;8;9;10;11;12;13;14;15;16;17;18;19;20;21;22;23;24;25;26;27;28;29;30;31;32;33;34;35;36;37;38;39;40;41;42;43;44;45;46;47, streaming-3, performance, prod, 1, sg009, 1, a100, 0, 8, N/A, 1, 8, 500, 0, 0, 0, 0, 0, 0, 0, 1, 1, 1, 1, 0.012, 50000, 213.518, 234.173, N/A
2026-05-03T22:17:19, 2026-05-04T04:23:18, 2026-05-04T06:01:11, 2026-05-04T06:05:35, sol, 1, sg009, 1, 0, a100, 48, 0;1;2;3;4;5;6;7;8;9;10;11;12;13;14;15;16;17;18;19;20;21;22;23;24;25;26;27;28;29;30;31;32;33;34;35;36;37;38;39;40;41;42;43;44;45;46;47, streaming-3, performance, prod, 1, sg009, 1, a100, 0, 8, N/A, 1, 8, 500, 0, 0, 0, 0, 0, 0, 0, 1, 1, 1, 1, 0.012, 50000, 216.514, 230.932, N/A
2026-03-14T21:53:40, 2026-03-15T07:20:37, 2026-03-15T07:20:51, 2026-03-15T07:21:31, sol, 1, sg002, 1, 0, a100, 48, 0;1;2;3;4;5;6;7;8;9;10;11;12;13;14;15;16;17;18;19;20;21;22;23;24;25;26;27;28;29;30;31;32;33;34;35;36;37;38;39;40;41;42;43;44;45;46;47, fileio, performance, prod, 1, sg002, 1, a100, 0, 12, N/A, 1, 12, 500, 0, 5000, 0, 0, 0, 0, 0, 0, 0, 0, N/A, 0.012, 50000, 31.4556, 1589.545, N/A
2026-03-14T21:53:40, 2026-03-15T07:20:37, 2026-03-15T07:21:31, 2026-03-15T07:22:08, sol, 1, sg002, 1, 0, a100, 48, 0;1;2;3;4;5;6;7;8;9;10;11;12;13;14;15;16;17;18;19;20;21;22;23;24;25;26;27;28;29;30;31;32;33;34;35;36;37;38;39;40;41;42;43;44;45;46;47, fileio, performance, prod, 1, sg002, 1, a100, 0, 12, N/A, 1, 12, 500, 0, 5000, 0, 0, 0, 0, 0, 0, 0, 0, N/A, 0.012, 50000, 31.3296, 1595.934, N/A
2026-03-14T21:53:40, 2026-03-15T07:20:37, 2026-03-15T07:22:09, 2026-03-15T07:22:44, sol, 1, sg002, 1, 0, a100, 48, 0;1;2;3;4;5;6;7;8;9;10;11;12;13;14;15;16;17;18;19;20;21;22;23;24;25;26;27;28;29;30;31;32;33;34;35;36;37;38;39;40;41;42;43;44;45;46;47, fileio, performance, prod, 1, sg002, 1, a100, 0, 12, N/A, 1, 12, 500, 0, 5000, 0, 0, 0, 0, 0, 0, 0, 0, N/A, 0.012, 50000, 31.1701, 1604.100, N/A
2026-03-14T21:53:40, 2026-03-15T07:20:37, 2026-03-15T07:22:44, 2026-03-15T07:23:19, sol, 1, sg002, 1, 0, a100, 48, 0;1;2;3;4;5;6;7;8;9;10;11;12;13;14;15;16;17;18;19;20;21;22;23;24;25;26;27;28;29;30;31;32;33;34;35;36;37;38;39;40;41;42;43;44;45;46;47, fileio, performance, prod, 1, sg002, 1, a100, 0, 12, N/A, 1, 12, 500, 0, 5000, 0, 0, 0, 0, 0, 0, 0, 0, N/A, 0.012, 50000, 31.4382, 1590.424, N/A
2026-03-14T21:53:40, 2026-03-15T07:20:37, 2026-03-15T07:23:19, 2026-03-15T07:23:55, sol, 1, sg002, 1, 0, a100, 48, 0;1;2;3;4;5;6;7;8;9;10;11;12;13;14;15;16;17;18;19;20;21;22;23;24;25;26;27;28;29;30;31;32;33;34;35;36;37;38;39;40;41;42;43;44;45;46;47, fileio, performance, prod, 1, sg002, 1, a100, 0, 12, N/A, 1, 12, 500, 0, 5000, 0, 0, 0, 0, 0, 0, 0, 0, N/A, 0.012, 50000, 31.355, 1594.642, N/A
2026-03-14T21:53:40, 2026-03-15T07:20:37, 2026-03-15T07:23:56, 2026-03-15T07:24:35, sol, 1, sg002, 1, 0, a100, 48, 0;1;2;3;4;5;6;7;8;9;10;11;12;13;14;15;16;17;18;19;20;21;22;23;24;25;26;27;28;29;30;31;32;33;34;35;36;37;38;39;40;41;42;43;44;45;46;47, fileio, performance, prod, 1, sg002, 1, a100, 0, 12, N/A, 1, 12, 500, 0, 500, 0, 0, 0, 0, 0, 0, 0, 0, N/A, 0.012, 50000, 33.2446, 1504.004, N/A
2026-03-14T21:53:40, 2026-03-15T07:20:37, 2026-03-15T07:24:35, 2026-03-15T07:25:12, sol, 1, sg002, 1, 0, a100, 48, 0;1;2;3;4;5;6;7;8;9;10;11;12;13;14;15;16;17;18;19;20;21;22;23;24;25;26;27;28;29;30;31;32;33;34;35;36;37;38;39;40;41;42;43;44;45;46;47, fileio, performance, prod, 1, sg002, 1, a100, 0, 12, N/A, 1, 12, 500, 0, 500, 0, 0, 0, 0, 0, 0, 0, 0, N/A, 0.012, 50000, 33.2783, 1502.482, N/A
2026-03-14T21:53:40, 2026-03-15T07:20:37, 2026-03-15T07:25:12, 2026-03-15T07:25:50, sol, 1, sg002, 1, 0, a100, 48, 0;1;2;3;4;5;6;7;8;9;10;11;12;13;14;15;16;17;18;19;20;21;22;23;24;25;26;27;28;29;30;31;32;33;34;35;36;37;38;39;40;41;42;43;44;45;46;47, fileio, performance, prod, 1, sg002, 1, a100, 0, 12, N/A, 1, 12, 500, 0, 500, 0, 0, 0, 0, 0, 0, 0, 0, N/A, 0.012, 50000, 33.2996, 1501.518, N/A
2026-03-14T21:53:40, 2026-03-15T07:20:37, 2026-03-15T07:25:51, 2026-03-15T07:26:27, sol, 1, sg002, 1, 0, a100, 48, 0;1;2;3;4;5;6;7;8;9;10;11;12;13;14;15;16;17;18;19;20;21;22;23;24;25;26;27;28;29;30;31;32;33;34;35;36;37;38;39;40;41;42;43;44;45;46;47, fileio, performance, prod, 1, sg002, 1, a100, 0, 12, N/A, 1, 12, 500, 0, 500, 0, 0, 0, 0, 0, 0, 0, 0, N/A, 0.012, 50000, 33.1085, 1510.187, N/A
2026-03-14T21:53:40, 2026-03-15T07:20:37, 2026-03-15T07:26:27, 2026-03-15T07:27:04, sol, 1, sg002, 1, 0, a100, 48, 0;1;2;3;4;5;6;7;8;9;10;11;12;13;14;15;16;17;18;19;20;21;22;23;24;25;26;27;28;29;30;31;32;33;34;35;36;37;38;39;40;41;42;43;44;45;46;47, fileio, performance, prod, 1, sg002, 1, a100, 0, 12, N/A, 1, 12, 500, 0, 500, 0, 0, 0, 0, 0, 0, 0, 0, N/A, 0.012, 50000, 33.3767, 1498.050, N/A
2026-03-14T21:53:40, 2026-03-15T07:20:37, 2026-03-15T07:27:04, 2026-03-15T07:28:02, sol, 1, sg002, 1, 0, a100, 48, 0;1;2;3;4;5;6;7;8;9;10;11;12;13;14;15;16;17;18;19;20;21;22;23;24;25;26;27;28;29;30;31;32;33;34;35;36;37;38;39;40;41;42;43;44;45;46;47, fileio, performance, prod, 1, sg002, 1, a100, 0, 12, N/A, 1, 12, 500, 0, 50, 0, 0, 0, 0, 0, 0, 0, 0, N/A, 0.012, 50000, 52.5409, 951.640, N/A
2026-03-14T21:53:40, 2026-03-15T07:20:37, 2026-03-15T07:28:02, 2026-03-15T07:28:58, sol, 1, sg002, 1, 0, a100, 48, 0;1;2;3;4;5;6;7;8;9;10;11;12;13;14;15;16;17;18;19;20;21;22;23;24;25;26;27;28;29;30;31;32;33;34;35;36;37;38;39;40;41;42;43;44;45;46;47, fileio, performance, prod, 1, sg002, 1, a100, 0, 12, N/A, 1, 12, 500, 0, 50, 0, 0, 0, 0, 0, 0, 0, 0, N/A, 0.012, 50000, 52.5641, 951.219, N/A
2026-03-14T21:53:40, 2026-03-15T07:20:37, 2026-03-15T07:28:59, 2026-03-15T07:29:56, sol, 1, sg002, 1, 0, a100, 48, 0;1;2;3;4;5;6;7;8;9;10;11;12;13;14;15;16;17;18;19;20;21;22;23;24;25;26;27;28;29;30;31;32;33;34;35;36;37;38;39;40;41;42;43;44;45;46;47, fileio, performance, prod, 1, sg002, 1, a100, 0, 12, N/A, 1, 12, 500, 0, 50, 0, 0, 0, 0, 0, 0, 0, 0, N/A, 0.012, 50000, 52.3422, 955.251, N/A
2026-03-14T21:53:40, 2026-03-15T07:20:37, 2026-03-15T07:29:56, 2026-03-15T07:30:54, sol, 1, sg002, 1, 0, a100, 48, 0;1;2;3;4;5;6;7;8;9;10;11;12;13;14;15;16;17;18;19;20;21;22;23;24;25;26;27;28;29;30;31;32;33;34;35;36;37;38;39;40;41;42;43;44;45;46;47, fileio, performance, prod, 1, sg002, 1, a100, 0, 12, N/A, 1, 12, 500, 0, 50, 0, 0, 0, 0, 0, 0, 0, 0, N/A, 0.012, 50000, 52.6608, 949.473, N/A
2026-03-14T21:53:40, 2026-03-15T07:20:37, 2026-03-15T07:30:54, 2026-03-15T07:31:50, sol, 1, sg002, 1, 0, a100, 48, 0;1;2;3;4;5;6;7;8;9;10;11;12;13;14;15;16;17;18;19;20;21;22;23;24;25;26;27;28;29;30;31;32;33;34;35;36;37;38;39;40;41;42;43;44;45;46;47, fileio, performance, prod, 1, sg002, 1, a100, 0, 12, N/A, 1, 12, 500, 0, 50, 0, 0, 0, 0, 0, 0, 0, 0, N/A, 0.012, 50000, 52.4931, 952.507, N/A
2026-03-14T21:53:40, 2026-03-15T07:20:37, 2026-03-15T07:31:50, 2026-03-15T07:34:38, sol, 1, sg002, 1, 0, a100, 48, 0;1;2;3;4;5;6;7;8;9;10;11;12;13;14;15;16;17;18;19;20;21;22;23;24;25;26;27;28;29;30;31;32;33;34;35;36;37;38;39;40;41;42;43;44;45;46;47, fileio, performance, prod, 1, sg002, 1, a100, 0, 12, N/A, 1, 12, 500, 0, 8, 0, 0, 0, 0, 0, 0, 0, 0, N/A, 0.012, 50000, 164.513, 303.928, N/A
2026-03-14T21:53:40, 2026-03-15T07:20:37, 2026-03-15T07:34:38, 2026-03-15T07:37:27, sol, 1, sg002, 1, 0, a100, 48, 0;1;2;3;4;5;6;7;8;9;10;11;12;13;14;15;16;17;18;19;20;21;22;23;24;25;26;27;28;29;30;31;32;33;34;35;36;37;38;39;40;41;42;43;44;45;46;47, fileio, performance, prod, 1, sg002, 1, a100, 0, 12, N/A, 1, 12, 500, 0, 8, 0, 0, 0, 0, 0, 0, 0, 0, N/A, 0.012, 50000, 164.622, 303.726, N/A
2026-03-14T21:53:40, 2026-03-15T07:20:37, 2026-03-15T07:37:28, 2026-03-15T07:40:16, sol, 1, sg002, 1, 0, a100, 48, 0;1;2;3;4;5;6;7;8;9;10;11;12;13;14;15;16;17;18;19;20;21;22;23;24;25;26;27;28;29;30;31;32;33;34;35;36;37;38;39;40;41;42;43;44;45;46;47, fileio, performance, prod, 1, sg002, 1, a100, 0, 12, N/A, 1, 12, 500, 0, 8, 0, 0, 0, 0, 0, 0, 0, 0, N/A, 0.012, 50000, 164.881, 303.249, N/A
2026-03-14T21:53:40, 2026-03-15T07:20:37, 2026-03-15T07:40:16, 2026-03-15T07:43:06, sol, 1, sg002, 1, 0, a100, 48, 0;1;2;3;4;5;6;7;8;9;10;11;12;13;14;15;16;17;18;19;20;21;22;23;24;25;26;27;28;29;30;31;32;33;34;35;36;37;38;39;40;41;42;43;44;45;46;47, fileio, performance, prod, 1, sg002, 1, a100, 0, 12, N/A, 1, 12, 500, 0, 8, 0, 0, 0, 0, 0, 0, 0, 0, N/A, 0.012, 50000, 166.345, 300.580, N/A
2026-03-14T21:53:40, 2026-03-15T07:20:37, 2026-03-15T07:43:06, 2026-03-15T07:45:56, sol, 1, sg002, 1, 0, a100, 48, 0;1;2;3;4;5;6;7;8;9;10;11;12;13;14;15;16;17;18;19;20;21;22;23;24;25;26;27;28;29;30;31;32;33;34;35;36;37;38;39;40;41;42;43;44;45;46;47, fileio, performance, prod, 1, sg002, 1, a100, 0, 12, N/A, 1, 12, 500, 0, 8, 0, 0, 0, 0, 0, 0, 0, 0, N/A, 0.012, 50000, 164.881, 303.249, N/A
2026-03-14T21:53:40, 2026-03-15T07:20:37, 2026-03-15T07:45:56, 2026-03-15T07:50:06, sol, 1, sg002, 1, 0, a100, 48, 0;1;2;3;4;5;6;7;8;9;10;11;12;13;14;15;16;17;18;19;20;21;22;23;24;25;26;27;28;29;30;31;32;33;34;35;36;37;38;39;40;41;42;43;44;45;46;47, fileio, performance, prod, 1, sg002, 1, a100, 0, 12, N/A, 1, 12, 500, 0, 5, 0, 0, 0, 0, 0, 0, 0, 0, N/A, 0.012, 50000, 244.675, 204.353, N/A
2026-03-14T21:53:40, 2026-03-15T07:20:37, 2026-03-15T07:50:06, 2026-03-15T07:54:16, sol, 1, sg002, 1, 0, a100, 48, 0;1;2;3;4;5;6;7;8;9;10;11;12;13;14;15;16;17;18;19;20;21;22;23;24;25;26;27;28;29;30;31;32;33;34;35;36;37;38;39;40;41;42;43;44;45;46;47, fileio, performance, prod, 1, sg002, 1, a100, 0, 12, N/A, 1, 12, 500, 0, 5, 0, 0, 0, 0, 0, 0, 0, 0, N/A, 0.012, 50000, 245.961, 203.284, N/A
2026-03-14T21:53:40, 2026-03-15T07:20:37, 2026-03-15T07:54:16, 2026-03-15T07:58:25, sol, 1, sg002, 1, 0, a100, 48, 0;1;2;3;4;5;6;7;8;9;10;11;12;13;14;15;16;17;18;19;20;21;22;23;24;25;26;27;28;29;30;31;32;33;34;35;36;37;38;39;40;41;42;43;44;45;46;47, fileio, performance, prod, 1, sg002, 1, a100, 0, 12, N/A, 1, 12, 500, 0, 5, 0, 0, 0, 0, 0, 0, 0, 0, N/A, 0.012, 50000, 245.893, 203.340, N/A
2026-03-14T21:53:40, 2026-03-15T07:20:37, 2026-03-15T07:58:25, 2026-03-15T08:02:34, sol, 1, sg002, 1, 0, a100, 48, 0;1;2;3;4;5;6;7;8;9;10;11;12;13;14;15;16;17;18;19;20;21;22;23;24;25;26;27;28;29;30;31;32;33;34;35;36;37;38;39;40;41;42;43;44;45;46;47, fileio, performance, prod, 1, sg002, 1, a100, 0, 12, N/A, 1, 12, 500, 0, 5, 0, 0, 0, 0, 0, 0, 0, 0, N/A, 0.012, 50000, 244.986, 204.093, N/A
2026-03-14T21:53:40, 2026-03-15T07:20:37, 2026-03-15T08:02:34, 2026-03-15T08:06:43, sol, 1, sg002, 1, 0, a100, 48, 0;1;2;3;4;5;6;7;8;9;10;11;12;13;14;15;16;17;18;19;20;21;22;23;24;25;26;27;28;29;30;31;32;33;34;35;36;37;38;39;40;41;42;43;44;45;46;47, fileio, performance, prod, 1, sg002, 1, a100, 0, 12, N/A, 1, 12, 500, 0, 5, 0, 0, 0, 0, 0, 0, 0, 0, N/A, 0.012, 50000, 245.271, 203.856, N/A
2026-03-14T21:53:40, 2026-03-15T07:20:37, 2026-03-15T08:06:43, 2026-03-15T08:24:59, sol, 1, sg002, 1, 0, a100, 48, 0;1;2;3;4;5;6;7;8;9;10;11;12;13;14;15;16;17;18;19;20;21;22;23;24;25;26;27;28;29;30;31;32;33;34;35;36;37;38;39;40;41;42;43;44;45;46;47, fileio, performance, prod, 1, sg002, 1, a100, 0, 12, N/A, 1, 12, 500, 0, 1, 0, 0, 0, 0, 0, 0, 0, 0, N/A, 0.012, 50000, 1088.94, 45.916, N/A
2026-03-14T21:53:40, 2026-03-15T07:20:37, 2026-03-15T08:25:00, 2026-03-15T08:43:16, sol, 1, sg002, 1, 0, a100, 48, 0;1;2;3;4;5;6;7;8;9;10;11;12;13;14;15;16;17;18;19;20;21;22;23;24;25;26;27;28;29;30;31;32;33;34;35;36;37;38;39;40;41;42;43;44;45;46;47, fileio, performance, prod, 1, sg002, 1, a100, 0, 12, N/A, 1, 12, 500, 0, 1, 0, 0, 0, 0, 0, 0, 0, 0, N/A, 0.012, 50000, 1091.37, 45.814, N/A
2026-03-14T21:53:40, 2026-03-15T07:20:37, 2026-03-15T08:43:16, 2026-03-15T09:01:31, sol, 1, sg002, 1, 0, a100, 48, 0;1;2;3;4;5;6;7;8;9;10;11;12;13;14;15;16;17;18;19;20;21;22;23;24;25;26;27;28;29;30;31;32;33;34;35;36;37;38;39;40;41;42;43;44;45;46;47, fileio, performance, prod, 1, sg002, 1, a100, 0, 12, N/A, 1, 12, 500, 0, 1, 0, 0, 0, 0, 0, 0, 0, 0, N/A, 0.012, 50000, 1089.61, 45.888, N/A
2026-03-14T21:53:40, 2026-03-15T07:20:37, 2026-03-15T09:01:31, 2026-03-15T09:19:49, sol, 1, sg002, 1, 0, a100, 48, 0;1;2;3;4;5;6;7;8;9;10;11;12;13;14;15;16;17;18;19;20;21;22;23;24;25;26;27;28;29;30;31;32;33;34;35;36;37;38;39;40;41;42;43;44;45;46;47, fileio, performance, prod, 1, sg002, 1, a100, 0, 12, N/A, 1, 12, 500, 0, 1, 0, 0, 0, 0, 0, 0, 0, 0, N/A, 0.012, 50000, 1093.98, 45.705, N/A
2026-03-14T21:53:40, 2026-03-15T07:20:37, 2026-03-15T09:19:49, 2026-03-15T09:38:07, sol, 1, sg002, 1, 0, a100, 48, 0;1;2;3;4;5;6;7;8;9;10;11;12;13;14;15;16;17;18;19;20;21;22;23;24;25;26;27;28;29;30;31;32;33;34;35;36;37;38;39;40;41;42;43;44;45;46;47, fileio, performance, prod, 1, sg002, 1, a100, 0, 12, N/A, 1, 12, 500, 0, 1, 0, 0, 0, 0, 0, 0, 0, 0, N/A, 0.012, 50000, 1094.49, 45.683, N/A
2026-05-03T22:26:11, 2026-05-04T04:24:12, 2026-05-04T04:24:31, 2026-05-04T04:25:14, sol, 1, sg023, 1, 0, a100, 48, 0;1;2;3;4;5;6;7;8;9;10;11;12;13;14;15;16;17;18;19;20;21;22;23;24;25;26;27;28;29;30;31;32;33;34;35;36;37;38;39;40;41;42;43;44;45;46;47, fileio, performance, prod, 1, sg023, 1, a100, 0, 8, N/A, 1, 8, 500, 0, 5000, 0, 0, 0, 0, 0, 0, 0, 0, N/A, 0.012, 50000, 31.0856, 1608.464, N/A
2026-05-03T22:26:11, 2026-05-04T04:24:12, 2026-05-04T04:25:15, 2026-05-04T04:25:56, sol, 1, sg023, 1, 0, a100, 48, 0;1;2;3;4;5;6;7;8;9;10;11;12;13;14;15;16;17;18;19;20;21;22;23;24;25;26;27;28;29;30;31;32;33;34;35;36;37;38;39;40;41;42;43;44;45;46;47, fileio, performance, prod, 1, sg023, 1, a100, 0, 8, N/A, 1, 8, 500, 0, 5000, 0, 0, 0, 0, 0, 0, 0, 0, N/A, 0.012, 50000, 31.1961, 1602.767, N/A
2026-05-03T22:26:11, 2026-05-04T04:24:12, 2026-05-04T04:25:57, 2026-05-04T04:26:38, sol, 1, sg023, 1, 0, a100, 48, 0;1;2;3;4;5;6;7;8;9;10;11;12;13;14;15;16;17;18;19;20;21;22;23;24;25;26;27;28;29;30;31;32;33;34;35;36;37;38;39;40;41;42;43;44;45;46;47, fileio, performance, prod, 1, sg023, 1, a100, 0, 8, N/A, 1, 8, 500, 0, 5000, 0, 0, 0, 0, 0, 0, 0, 0, N/A, 0.012, 50000, 31.0451, 1610.558, N/A
2026-05-03T22:26:11, 2026-05-04T04:24:12, 2026-05-04T04:26:39, 2026-05-04T04:27:21, sol, 1, sg023, 1, 0, a100, 48, 0;1;2;3;4;5;6;7;8;9;10;11;12;13;14;15;16;17;18;19;20;21;22;23;24;25;26;27;28;29;30;31;32;33;34;35;36;37;38;39;40;41;42;43;44;45;46;47, fileio, performance, prod, 1, sg023, 1, a100, 0, 8, N/A, 1, 8, 500, 0, 5000, 0, 0, 0, 0, 0, 0, 0, 0, N/A, 0.012, 50000, 32.5103, 1537.976, N/A
2026-05-03T22:26:11, 2026-05-04T04:24:12, 2026-05-04T04:27:22, 2026-05-04T04:28:11, sol, 1, sg023, 1, 0, a100, 48, 0;1;2;3;4;5;6;7;8;9;10;11;12;13;14;15;16;17;18;19;20;21;22;23;24;25;26;27;28;29;30;31;32;33;34;35;36;37;38;39;40;41;42;43;44;45;46;47, fileio, performance, prod, 1, sg023, 1, a100, 0, 8, N/A, 1, 8, 500, 0, 5000, 0, 0, 0, 0, 0, 0, 0, 0, N/A, 0.012, 50000, 38.9652, 1283.198, N/A
2026-05-03T22:26:11, 2026-05-04T04:24:12, 2026-05-04T04:28:13, 2026-05-04T04:29:05, sol, 1, sg023, 1, 0, a100, 48, 0;1;2;3;4;5;6;7;8;9;10;11;12;13;14;15;16;17;18;19;20;21;22;23;24;25;26;27;28;29;30;31;32;33;34;35;36;37;38;39;40;41;42;43;44;45;46;47, fileio, performance, prod, 1, sg023, 1, a100, 0, 8, N/A, 1, 8, 500, 0, 500, 0, 0, 0, 0, 0, 0, 0, 0, N/A, 0.012, 50000, 40.4529, 1236.005, N/A
2026-05-03T22:26:11, 2026-05-04T04:24:12, 2026-05-04T04:29:05, 2026-05-04T04:29:48, sol, 1, sg023, 1, 0, a100, 48, 0;1;2;3;4;5;6;7;8;9;10;11;12;13;14;15;16;17;18;19;20;21;22;23;24;25;26;27;28;29;30;31;32;33;34;35;36;37;38;39;40;41;42;43;44;45;46;47, fileio, performance, prod, 1, sg023, 1, a100, 0, 8, N/A, 1, 8, 500, 0, 500, 0, 0, 0, 0, 0, 0, 0, 0, N/A, 0.012, 50000, 33.0698, 1511.953, N/A
2026-05-03T22:26:11, 2026-05-04T04:24:12, 2026-05-04T04:29:48, 2026-05-04T04:30:31, sol, 1, sg023, 1, 0, a100, 48, 0;1;2;3;4;5;6;7;8;9;10;11;12;13;14;15;16;17;18;19;20;21;22;23;24;25;26;27;28;29;30;31;32;33;34;35;36;37;38;39;40;41;42;43;44;45;46;47, fileio, performance, prod, 1, sg023, 1, a100, 0, 8, N/A, 1, 8, 500, 0, 500, 0, 0, 0, 0, 0, 0, 0, 0, N/A, 0.012, 50000, 32.8782, 1520.763, N/A
2026-05-03T22:26:11, 2026-05-04T04:24:12, 2026-05-04T04:30:32, 2026-05-04T04:31:15, sol, 1, sg023, 1, 0, a100, 48, 0;1;2;3;4;5;6;7;8;9;10;11;12;13;14;15;16;17;18;19;20;21;22;23;24;25;26;27;28;29;30;31;32;33;34;35;36;37;38;39;40;41;42;43;44;45;46;47, fileio, performance, prod, 1, sg023, 1, a100, 0, 8, N/A, 1, 8, 500, 0, 500, 0, 0, 0, 0, 0, 0, 0, 0, N/A, 0.012, 50000, 33.0034, 1514.997, N/A
2026-05-03T22:26:11, 2026-05-04T04:24:12, 2026-05-04T04:31:16, 2026-05-04T04:31:58, sol, 1, sg023, 1, 0, a100, 48, 0;1;2;3;4;5;6;7;8;9;10;11;12;13;14;15;16;17;18;19;20;21;22;23;24;25;26;27;28;29;30;31;32;33;34;35;36;37;38;39;40;41;42;43;44;45;46;47, fileio, performance, prod, 1, sg023, 1, a100, 0, 8, N/A, 1, 8, 500, 0, 500, 0, 0, 0, 0, 0, 0, 0, 0, N/A, 0.012, 50000, 32.91, 1519.296, N/A
2026-05-03T22:26:11, 2026-05-04T04:24:12, 2026-05-04T04:32:00, 2026-05-04T04:33:03, sol, 1, sg023, 1, 0, a100, 48, 0;1;2;3;4;5;6;7;8;9;10;11;12;13;14;15;16;17;18;19;20;21;22;23;24;25;26;27;28;29;30;31;32;33;34;35;36;37;38;39;40;41;42;43;44;45;46;47, fileio, performance, prod, 1, sg023, 1, a100, 0, 8, N/A, 1, 8, 500, 0, 50, 0, 0, 0, 0, 0, 0, 0, 0, N/A, 0.012, 50000, 52.9346, 944.562, N/A
2026-05-03T22:26:11, 2026-05-04T04:24:12, 2026-05-04T04:33:04, 2026-05-04T04:34:06, sol, 1, sg023, 1, 0, a100, 48, 0;1;2;3;4;5;6;7;8;9;10;11;12;13;14;15;16;17;18;19;20;21;22;23;24;25;26;27;28;29;30;31;32;33;34;35;36;37;38;39;40;41;42;43;44;45;46;47, fileio, performance, prod, 1, sg023, 1, a100, 0, 8, N/A, 1, 8, 500, 0, 50, 0, 0, 0, 0, 0, 0, 0, 0, N/A, 0.012, 50000, 52.7878, 947.189, N/A
2026-05-03T22:26:11, 2026-05-04T04:24:12, 2026-05-04T04:34:06, 2026-05-04T04:35:09, sol, 1, sg023, 1, 0, a100, 48, 0;1;2;3;4;5;6;7;8;9;10;11;12;13;14;15;16;17;18;19;20;21;22;23;24;25;26;27;28;29;30;31;32;33;34;35;36;37;38;39;40;41;42;43;44;45;46;47, fileio, performance, prod, 1, sg023, 1, a100, 0, 8, N/A, 1, 8, 500, 0, 50, 0, 0, 0, 0, 0, 0, 0, 0, N/A, 0.012, 50000, 52.9462, 944.354, N/A
2026-05-03T22:26:11, 2026-05-04T04:24:12, 2026-05-04T04:35:09, 2026-05-04T04:36:13, sol, 1, sg023, 1, 0, a100, 48, 0;1;2;3;4;5;6;7;8;9;10;11;12;13;14;15;16;17;18;19;20;21;22;23;24;25;26;27;28;29;30;31;32;33;34;35;36;37;38;39;40;41;42;43;44;45;46;47, fileio, performance, prod, 1, sg023, 1, a100, 0, 8, N/A, 1, 8, 500, 0, 50, 0, 0, 0, 0, 0, 0, 0, 0, N/A, 0.012, 50000, 53.4442, 935.555, N/A
2026-05-03T22:26:11, 2026-05-04T04:24:12, 2026-05-04T04:36:13, 2026-05-04T04:37:16, sol, 1, sg023, 1, 0, a100, 48, 0;1;2;3;4;5;6;7;8;9;10;11;12;13;14;15;16;17;18;19;20;21;22;23;24;25;26;27;28;29;30;31;32;33;34;35;36;37;38;39;40;41;42;43;44;45;46;47, fileio, performance, prod, 1, sg023, 1, a100, 0, 8, N/A, 1, 8, 500, 0, 50, 0, 0, 0, 0, 0, 0, 0, 0, N/A, 0.012, 50000, 53.025, 942.951, N/A
2026-05-03T22:26:11, 2026-05-04T04:24:12, 2026-05-04T04:37:18, 2026-05-04T04:40:16, sol, 1, sg023, 1, 0, a100, 48, 0;1;2;3;4;5;6;7;8;9;10;11;12;13;14;15;16;17;18;19;20;21;22;23;24;25;26;27;28;29;30;31;32;33;34;35;36;37;38;39;40;41;42;43;44;45;46;47, fileio, performance, prod, 1, sg023, 1, a100, 0, 8, N/A, 1, 8, 500, 0, 8, 0, 0, 0, 0, 0, 0, 0, 0, N/A, 0.012, 50000, 168.306, 297.078, N/A
2026-05-03T22:26:11, 2026-05-04T04:24:12, 2026-05-04T04:40:17, 2026-05-04T04:43:15, sol, 1, sg023, 1, 0, a100, 48, 0;1;2;3;4;5;6;7;8;9;10;11;12;13;14;15;16;17;18;19;20;21;22;23;24;25;26;27;28;29;30;31;32;33;34;35;36;37;38;39;40;41;42;43;44;45;46;47, fileio, performance, prod, 1, sg023, 1, a100, 0, 8, N/A, 1, 8, 500, 0, 8, 0, 0, 0, 0, 0, 0, 0, 0, N/A, 0.012, 50000, 168.511, 296.717, N/A
2026-05-03T22:26:11, 2026-05-04T04:24:12, 2026-05-04T04:43:15, 2026-05-04T04:46:14, sol, 1, sg023, 1, 0, a100, 48, 0;1;2;3;4;5;6;7;8;9;10;11;12;13;14;15;16;17;18;19;20;21;22;23;24;25;26;27;28;29;30;31;32;33;34;35;36;37;38;39;40;41;42;43;44;45;46;47, fileio, performance, prod, 1, sg023, 1, a100, 0, 8, N/A, 1, 8, 500, 0, 8, 0, 0, 0, 0, 0, 0, 0, 0, N/A, 0.012, 50000, 168.668, 296.441, N/A
2026-05-03T22:26:11, 2026-05-04T04:24:12, 2026-05-04T04:46:14, 2026-05-04T04:49:13, sol, 1, sg023, 1, 0, a100, 48, 0;1;2;3;4;5;6;7;8;9;10;11;12;13;14;15;16;17;18;19;20;21;22;23;24;25;26;27;28;29;30;31;32;33;34;35;36;37;38;39;40;41;42;43;44;45;46;47, fileio, performance, prod, 1, sg023, 1, a100, 0, 8, N/A, 1, 8, 500, 0, 8, 0, 0, 0, 0, 0, 0, 0, 0, N/A, 0.012, 50000, 168.154, 297.347, N/A
2026-05-03T22:26:11, 2026-05-04T04:24:12, 2026-05-04T04:49:13, 2026-05-04T04:52:11, sol, 1, sg023, 1, 0, a100, 48, 0;1;2;3;4;5;6;7;8;9;10;11;12;13;14;15;16;17;18;19;20;21;22;23;24;25;26;27;28;29;30;31;32;33;34;35;36;37;38;39;40;41;42;43;44;45;46;47, fileio, performance, prod, 1, sg023, 1, a100, 0, 8, N/A, 1, 8, 500, 0, 8, 0, 0, 0, 0, 0, 0, 0, 0, N/A, 0.012, 50000, 167.681, 298.185, N/A
2026-05-03T22:26:11, 2026-05-04T04:24:12, 2026-05-04T04:52:12, 2026-05-04T04:56:34, sol, 1, sg023, 1, 0, a100, 48, 0;1;2;3;4;5;6;7;8;9;10;11;12;13;14;15;16;17;18;19;20;21;22;23;24;25;26;27;28;29;30;31;32;33;34;35;36;37;38;39;40;41;42;43;44;45;46;47, fileio, performance, prod, 1, sg023, 1, a100, 0, 8, N/A, 1, 8, 500, 0, 5, 0, 0, 0, 0, 0, 0, 0, 0, N/A, 0.012, 50000, 250.989, 199.212, N/A
2026-05-03T22:26:11, 2026-05-04T04:24:12, 2026-05-04T04:56:34, 2026-05-04T05:00:56, sol, 1, sg023, 1, 0, a100, 48, 0;1;2;3;4;5;6;7;8;9;10;11;12;13;14;15;16;17;18;19;20;21;22;23;24;25;26;27;28;29;30;31;32;33;34;35;36;37;38;39;40;41;42;43;44;45;46;47, fileio, performance, prod, 1, sg023, 1, a100, 0, 8, N/A, 1, 8, 500, 0, 5, 0, 0, 0, 0, 0, 0, 0, 0, N/A, 0.012, 50000, 250.564, 199.550, N/A
2026-05-03T22:26:11, 2026-05-04T04:24:12, 2026-05-04T05:00:57, 2026-05-04T05:05:18, sol, 1, sg023, 1, 0, a100, 48, 0;1;2;3;4;5;6;7;8;9;10;11;12;13;14;15;16;17;18;19;20;21;22;23;24;25;26;27;28;29;30;31;32;33;34;35;36;37;38;39;40;41;42;43;44;45;46;47, fileio, performance, prod, 1, sg023, 1, a100, 0, 8, N/A, 1, 8, 500, 0, 5, 0, 0, 0, 0, 0, 0, 0, 0, N/A, 0.012, 50000, 251.66, 198.680, N/A
2026-05-03T22:26:11, 2026-05-04T04:24:12, 2026-05-04T05:05:19, 2026-05-04T05:09:45, sol, 1, sg023, 1, 0, a100, 48, 0;1;2;3;4;5;6;7;8;9;10;11;12;13;14;15;16;17;18;19;20;21;22;23;24;25;26;27;28;29;30;31;32;33;34;35;36;37;38;39;40;41;42;43;44;45;46;47, fileio, performance, prod, 1, sg023, 1, a100, 0, 8, N/A, 1, 8, 500, 0, 5, 0, 0, 0, 0, 0, 0, 0, 0, N/A, 0.012, 50000, 256.587, 194.866, N/A
2026-05-03T22:26:11, 2026-05-04T04:24:12, 2026-05-04T05:09:46, 2026-05-04T05:14:06, sol, 1, sg023, 1, 0, a100, 48, 0;1;2;3;4;5;6;7;8;9;10;11;12;13;14;15;16;17;18;19;20;21;22;23;24;25;26;27;28;29;30;31;32;33;34;35;36;37;38;39;40;41;42;43;44;45;46;47, fileio, performance, prod, 1, sg023, 1, a100, 0, 8, N/A, 1, 8, 500, 0, 5, 0, 0, 0, 0, 0, 0, 0, 0, N/A, 0.012, 50000, 250.42, 199.665, N/A
2026-05-03T22:26:11, 2026-05-04T04:24:12, 2026-05-04T05:14:09, 2026-05-04T05:33:07, sol, 1, sg023, 1, 0, a100, 48, 0;1;2;3;4;5;6;7;8;9;10;11;12;13;14;15;16;17;18;19;20;21;22;23;24;25;26;27;28;29;30;31;32;33;34;35;36;37;38;39;40;41;42;43;44;45;46;47, fileio, performance, prod, 1, sg023, 1, a100, 0, 8, N/A, 1, 8, 500, 0, 1, 0, 0, 0, 0, 0, 0, 0, 0, N/A, 0.012, 50000, 1124.04, 44.482, N/A
2026-05-03T22:26:11, 2026-05-04T04:24:12, 2026-05-04T05:33:07, 2026-05-04T05:52:03, sol, 1, sg023, 1, 0, a100, 48, 0;1;2;3;4;5;6;7;8;9;10;11;12;13;14;15;16;17;18;19;20;21;22;23;24;25;26;27;28;29;30;31;32;33;34;35;36;37;38;39;40;41;42;43;44;45;46;47, fileio, performance, prod, 1, sg023, 1, a100, 0, 8, N/A, 1, 8, 500, 0, 1, 0, 0, 0, 0, 0, 0, 0, 0, N/A, 0.012, 50000, 1125.66, 44.418, N/A
2026-05-03T22:26:11, 2026-05-04T04:24:12, 2026-05-04T05:52:04, 2026-05-04T06:11:02, sol, 1, sg023, 1, 0, a100, 48, 0;1;2;3;4;5;6;7;8;9;10;11;12;13;14;15;16;17;18;19;20;21;22;23;24;25;26;27;28;29;30;31;32;33;34;35;36;37;38;39;40;41;42;43;44;45;46;47, fileio, performance, prod, 1, sg023, 1, a100, 0, 8, N/A, 1, 8, 500, 0, 1, 0, 0, 0, 0, 0, 0, 0, 0, N/A, 0.012, 50000, 1126.77, 44.375, N/A
2026-05-03T22:26:11, 2026-05-04T04:24:12, 2026-05-04T06:11:03, 2026-05-04T06:29:56, sol, 1, sg023, 1, 0, a100, 48, 0;1;2;3;4;5;6;7;8;9;10;11;12;13;14;15;16;17;18;19;20;21;22;23;24;25;26;27;28;29;30;31;32;33;34;35;36;37;38;39;40;41;42;43;44;45;46;47, fileio, performance, prod, 1, sg023, 1, a100, 0, 8, N/A, 1, 8, 500, 0, 1, 0, 0, 0, 0, 0, 0, 0, 0, N/A, 0.012, 50000, 1123.78, 44.493, N/A
2026-05-03T22:26:11, 2026-05-04T04:24:12, 2026-05-04T06:29:57, 2026-05-04T06:48:53, sol, 1, sg023, 1, 0, a100, 48, 0;1;2;3;4;5;6;7;8;9;10;11;12;13;14;15;16;17;18;19;20;21;22;23;24;25;26;27;28;29;30;31;32;33;34;35;36;37;38;39;40;41;42;43;44;45;46;47, fileio, performance, prod, 1, sg023, 1, a100, 0, 8, N/A, 1, 8, 500, 0, 1, 0, 0, 0, 0, 0, 0, 0, 0, N/A, 0.012, 50000, 1126.07, 44.402, N/A
2026-05-03T22:17:19, 2026-05-04T04:23:18, 2026-05-04T04:23:36, 2026-05-04T04:25:02, sol, 1, sg009, 1, 0, a100, 48, 0;1;2;3;4;5;6;7;8;9;10;11;12;13;14;15;16;17;18;19;20;21;22;23;24;25;26;27;28;29;30;31;32;33;34;35;36;37;38;39;40;41;42;43;44;45;46;47, streaming, performance, prod, 1, sg009, 1, a100, 0, 8, N/A, 1, 8, 500, 0, 0, 0, 0, 0, 0, 0, 5000, 0, 0, 1, 0.012, 50000, 33.6405, 1486.304, N/A
2026-05-03T22:17:19, 2026-05-04T04:23:18, 2026-05-04T04:25:02, 2026-05-04T04:26:24, sol, 1, sg009, 1, 0, a100, 48, 0;1;2;3;4;5;6;7;8;9;10;11;12;13;14;15;16;17;18;19;20;21;22;23;24;25;26;27;28;29;30;31;32;33;34;35;36;37;38;39;40;41;42;43;44;45;46;47, streaming, performance, prod, 1, sg009, 1, a100, 0, 8, N/A, 1, 8, 500, 0, 0, 0, 0, 0, 0, 0, 5000, 0, 0, 1, 0.012, 50000, 33.5787, 1489.041, N/A
2026-05-03T22:17:19, 2026-05-04T04:23:18, 2026-05-04T04:26:25, 2026-05-04T04:27:47, sol, 1, sg009, 1, 0, a100, 48, 0;1;2;3;4;5;6;7;8;9;10;11;12;13;14;15;16;17;18;19;20;21;22;23;24;25;26;27;28;29;30;31;32;33;34;35;36;37;38;39;40;41;42;43;44;45;46;47, streaming, performance, prod, 1, sg009, 1, a100, 0, 8, N/A, 1, 8, 500, 0, 0, 0, 0, 0, 0, 0, 5000, 0, 0, 1, 0.012, 50000, 33.7343, 1482.171, N/A
2026-05-03T22:17:19, 2026-05-04T04:23:18, 2026-05-04T04:27:47, 2026-05-04T04:29:08, sol, 1, sg009, 1, 0, a100, 48, 0;1;2;3;4;5;6;7;8;9;10;11;12;13;14;15;16;17;18;19;20;21;22;23;24;25;26;27;28;29;30;31;32;33;34;35;36;37;38;39;40;41;42;43;44;45;46;47, streaming, performance, prod, 1, sg009, 1, a100, 0, 8, N/A, 1, 8, 500, 0, 0, 0, 0, 0, 0, 0, 5000, 0, 0, 1, 0.012, 50000, 33.4919, 1492.900, N/A
2026-05-03T22:17:19, 2026-05-04T04:23:18, 2026-05-04T04:29:08, 2026-05-04T04:30:30, sol, 1, sg009, 1, 0, a100, 48, 0;1;2;3;4;5;6;7;8;9;10;11;12;13;14;15;16;17;18;19;20;21;22;23;24;25;26;27;28;29;30;31;32;33;34;35;36;37;38;39;40;41;42;43;44;45;46;47, streaming, performance, prod, 1, sg009, 1, a100, 0, 8, N/A, 1, 8, 500, 0, 0, 0, 0, 0, 0, 0, 5000, 0, 0, 1, 0.012, 50000, 33.3952, 1497.220, N/A
2026-05-03T22:17:19, 2026-05-04T04:23:18, 2026-05-04T04:37:24, 2026-05-04T04:38:45, sol, 1, sg009, 1, 0, a100, 48, 0;1;2;3;4;5;6;7;8;9;10;11;12;13;14;15;16;17;18;19;20;21;22;23;24;25;26;27;28;29;30;31;32;33;34;35;36;37;38;39;40;41;42;43;44;45;46;47, streaming, performance, prod, 1, sg009, 1, a100, 0, 8, N/A, 1, 8, 500, 0, 0, 0, 0, 0, 0, 0, 500, 0, 0, 1, 0.012, 50000, 33.3062, 1501.220, N/A
2026-05-03T22:17:19, 2026-05-04T04:23:18, 2026-05-04T04:38:45, 2026-05-04T04:40:07, sol, 1, sg009, 1, 0, a100, 48, 0;1;2;3;4;5;6;7;8;9;10;11;12;13;14;15;16;17;18;19;20;21;22;23;24;25;26;27;28;29;30;31;32;33;34;35;36;37;38;39;40;41;42;43;44;45;46;47, streaming, performance, prod, 1, sg009, 1, a100, 0, 8, N/A, 1, 8, 500, 0, 0, 0, 0, 0, 0, 0, 500, 0, 0, 1, 0.012, 50000, 33.3902, 1497.444, N/A
2026-05-03T22:17:19, 2026-05-04T04:23:18, 2026-05-04T04:40:07, 2026-05-04T04:41:29, sol, 1, sg009, 1, 0, a100, 48, 0;1;2;3;4;5;6;7;8;9;10;11;12;13;14;15;16;17;18;19;20;21;22;23;24;25;26;27;28;29;30;31;32;33;34;35;36;37;38;39;40;41;42;43;44;45;46;47, streaming, performance, prod, 1, sg009, 1, a100, 0, 8, N/A, 1, 8, 500, 0, 0, 0, 0, 0, 0, 0, 500, 0, 0, 1, 0.012, 50000, 33.8035, 1479.138, N/A
2026-05-03T22:17:19, 2026-05-04T04:23:18, 2026-05-04T04:41:29, 2026-05-04T04:42:50, sol, 1, sg009, 1, 0, a100, 48, 0;1;2;3;4;5;6;7;8;9;10;11;12;13;14;15;16;17;18;19;20;21;22;23;24;25;26;27;28;29;30;31;32;33;34;35;36;37;38;39;40;41;42;43;44;45;46;47, streaming, performance, prod, 1, sg009, 1, a100, 0, 8, N/A, 1, 8, 500, 0, 0, 0, 0, 0, 0, 0, 500, 0, 0, 1, 0.012, 50000, 33.8472, 1477.228, N/A
2026-05-03T22:17:19, 2026-05-04T04:23:18, 2026-05-04T04:42:51, 2026-05-04T04:44:12, sol, 1, sg009, 1, 0, a100, 48, 0;1;2;3;4;5;6;7;8;9;10;11;12;13;14;15;16;17;18;19;20;21;22;23;24;25;26;27;28;29;30;31;32;33;34;35;36;37;38;39;40;41;42;43;44;45;46;47, streaming, performance, prod, 1, sg009, 1, a100, 0, 8, N/A, 1, 8, 500, 0, 0, 0, 0, 0, 0, 0, 500, 0, 0, 1, 0.012, 50000, 33.6165, 1487.363, N/A
2026-05-03T22:17:19, 2026-05-04T04:23:18, 2026-05-04T04:51:09, 2026-05-04T04:52:33, sol, 1, sg009, 1, 0, a100, 48, 0;1;2;3;4;5;6;7;8;9;10;11;12;13;14;15;16;17;18;19;20;21;22;23;24;25;26;27;28;29;30;31;32;33;34;35;36;37;38;39;40;41;42;43;44;45;46;47, streaming, performance, prod, 1, sg009, 1, a100, 0, 8, N/A, 1, 8, 500, 0, 0, 0, 0, 0, 0, 0, 50, 0, 0, 1, 0.012, 50000, 34.9252, 1431.629, N/A
2026-05-03T22:17:19, 2026-05-04T04:23:18, 2026-05-04T04:52:33, 2026-05-04T04:53:56, sol, 1, sg009, 1, 0, a100, 48, 0;1;2;3;4;5;6;7;8;9;10;11;12;13;14;15;16;17;18;19;20;21;22;23;24;25;26;27;28;29;30;31;32;33;34;35;36;37;38;39;40;41;42;43;44;45;46;47, streaming, performance, prod, 1, sg009, 1, a100, 0, 8, N/A, 1, 8, 500, 0, 0, 0, 0, 0, 0, 0, 50, 0, 0, 1, 0.012, 50000, 35.2266, 1419.381, N/A
2026-05-03T22:17:19, 2026-05-04T04:23:18, 2026-05-04T04:53:56, 2026-05-04T04:55:19, sol, 1, sg009, 1, 0, a100, 48, 0;1;2;3;4;5;6;7;8;9;10;11;12;13;14;15;16;17;18;19;20;21;22;23;24;25;26;27;28;29;30;31;32;33;34;35;36;37;38;39;40;41;42;43;44;45;46;47, streaming, performance, prod, 1, sg009, 1, a100, 0, 8, N/A, 1, 8, 500, 0, 0, 0, 0, 0, 0, 0, 50, 0, 0, 1, 0.012, 50000, 34.7369, 1439.391, N/A
2026-05-03T22:17:19, 2026-05-04T04:23:18, 2026-05-04T04:55:19, 2026-05-04T04:56:42, sol, 1, sg009, 1, 0, a100, 48, 0;1;2;3;4;5;6;7;8;9;10;11;12;13;14;15;16;17;18;19;20;21;22;23;24;25;26;27;28;29;30;31;32;33;34;35;36;37;38;39;40;41;42;43;44;45;46;47, streaming, performance, prod, 1, sg009, 1, a100, 0, 8, N/A, 1, 8, 500, 0, 0, 0, 0, 0, 0, 0, 50, 0, 0, 1, 0.012, 50000, 35.0258, 1427.518, N/A
2026-05-03T22:17:19, 2026-05-04T04:23:18, 2026-05-04T04:56:42, 2026-05-04T04:58:05, sol, 1, sg009, 1, 0, a100, 48, 0;1;2;3;4;5;6;7;8;9;10;11;12;13;14;15;16;17;18;19;20;21;22;23;24;25;26;27;28;29;30;31;32;33;34;35;36;37;38;39;40;41;42;43;44;45;46;47, streaming, performance, prod, 1, sg009, 1, a100, 0, 8, N/A, 1, 8, 500, 0, 0, 0, 0, 0, 0, 0, 50, 0, 0, 1, 0.012, 50000, 34.8849, 1433.285, N/A
2026-05-03T22:17:19, 2026-05-04T04:23:18, 2026-05-04T05:05:24, 2026-05-04T05:06:54, sol, 1, sg009, 1, 0, a100, 48, 0;1;2;3;4;5;6;7;8;9;10;11;12;13;14;15;16;17;18;19;20;21;22;23;24;25;26;27;28;29;30;31;32;33;34;35;36;37;38;39;40;41;42;43;44;45;46;47, streaming, performance, prod, 1, sg009, 1, a100, 0, 8, N/A, 1, 8, 500, 0, 0, 0, 0, 0, 0, 0, 8, 0, 0, 1, 0.012, 50000, 42.1611, 1185.927, N/A
2026-05-03T22:17:19, 2026-05-04T04:23:18, 2026-05-04T05:06:55, 2026-05-04T05:08:25, sol, 1, sg009, 1, 0, a100, 48, 0;1;2;3;4;5;6;7;8;9;10;11;12;13;14;15;16;17;18;19;20;21;22;23;24;25;26;27;28;29;30;31;32;33;34;35;36;37;38;39;40;41;42;43;44;45;46;47, streaming, performance, prod, 1, sg009, 1, a100, 0, 8, N/A, 1, 8, 500, 0, 0, 0, 0, 0, 0, 0, 8, 0, 0, 1, 0.012, 50000, 42.0263, 1189.732, N/A
2026-05-03T22:17:19, 2026-05-04T04:23:18, 2026-05-04T05:08:25, 2026-05-04T05:09:55, sol, 1, sg009, 1, 0, a100, 48, 0;1;2;3;4;5;6;7;8;9;10;11;12;13;14;15;16;17;18;19;20;21;22;23;24;25;26;27;28;29;30;31;32;33;34;35;36;37;38;39;40;41;42;43;44;45;46;47, streaming, performance, prod, 1, sg009, 1, a100, 0, 8, N/A, 1, 8, 500, 0, 0, 0, 0, 0, 0, 0, 8, 0, 0, 1, 0.012, 50000, 42.2538, 1183.325, N/A
2026-05-03T22:17:19, 2026-05-04T04:23:18, 2026-05-04T05:09:56, 2026-05-04T05:11:25, sol, 1, sg009, 1, 0, a100, 48, 0;1;2;3;4;5;6;7;8;9;10;11;12;13;14;15;16;17;18;19;20;21;22;23;24;25;26;27;28;29;30;31;32;33;34;35;36;37;38;39;40;41;42;43;44;45;46;47, streaming, performance, prod, 1, sg009, 1, a100, 0, 8, N/A, 1, 8, 500, 0, 0, 0, 0, 0, 0, 0, 8, 0, 0, 1, 0.012, 50000, 42.2609, 1183.127, N/A
2026-05-03T22:17:19, 2026-05-04T04:23:18, 2026-05-04T05:11:26, 2026-05-04T05:12:55, sol, 1, sg009, 1, 0, a100, 48, 0;1;2;3;4;5;6;7;8;9;10;11;12;13;14;15;16;17;18;19;20;21;22;23;24;25;26;27;28;29;30;31;32;33;34;35;36;37;38;39;40;41;42;43;44;45;46;47, streaming, performance, prod, 1, sg009, 1, a100, 0, 8, N/A, 1, 8, 500, 0, 0, 0, 0, 0, 0, 0, 8, 0, 0, 1, 0.012, 50000, 42.0086, 1190.234, N/A
2026-05-03T22:17:19, 2026-05-04T04:23:18, 2026-05-04T05:22:00, 2026-05-04T05:23:35, sol, 1, sg009, 1, 0, a100, 48, 0;1;2;3;4;5;6;7;8;9;10;11;12;13;14;15;16;17;18;19;20;21;22;23;24;25;26;27;28;29;30;31;32;33;34;35;36;37;38;39;40;41;42;43;44;45;46;47, streaming, performance, prod, 1, sg009, 1, a100, 0, 8, N/A, 1, 8, 500, 0, 0, 0, 0, 0, 0, 0, 5, 0, 0, 1, 0.012, 50000, 47.0108, 1063.586, N/A
2026-05-03T22:17:19, 2026-05-04T04:23:18, 2026-05-04T05:23:36, 2026-05-04T05:25:10, sol, 1, sg009, 1, 0, a100, 48, 0;1;2;3;4;5;6;7;8;9;10;11;12;13;14;15;16;17;18;19;20;21;22;23;24;25;26;27;28;29;30;31;32;33;34;35;36;37;38;39;40;41;42;43;44;45;46;47, streaming, performance, prod, 1, sg009, 1, a100, 0, 8, N/A, 1, 8, 500, 0, 0, 0, 0, 0, 0, 0, 5, 0, 0, 1, 0.012, 50000, 46.8157, 1068.017, N/A
2026-05-03T22:17:19, 2026-05-04T04:23:18, 2026-05-04T05:25:10, 2026-05-04T05:26:46, sol, 1, sg009, 1, 0, a100, 48, 0;1;2;3;4;5;6;7;8;9;10;11;12;13;14;15;16;17;18;19;20;21;22;23;24;25;26;27;28;29;30;31;32;33;34;35;36;37;38;39;40;41;42;43;44;45;46;47, streaming, performance, prod, 1, sg009, 1, a100, 0, 8, N/A, 1, 8, 500, 0, 0, 0, 0, 0, 0, 0, 5, 0, 0, 1, 0.012, 50000, 47.6349, 1049.651, N/A
2026-05-03T22:17:19, 2026-05-04T04:23:18, 2026-05-04T05:26:47, 2026-05-04T05:28:22, sol, 1, sg009, 1, 0, a100, 48, 0;1;2;3;4;5;6;7;8;9;10;11;12;13;14;15;16;17;18;19;20;21;22;23;24;25;26;27;28;29;30;31;32;33;34;35;36;37;38;39;40;41;42;43;44;45;46;47, streaming, performance, prod, 1, sg009, 1, a100, 0, 8, N/A, 1, 8, 500, 0, 0, 0, 0, 0, 0, 0, 5, 0, 0, 1, 0.012, 50000, 46.8258, 1067.788, N/A
2026-05-03T22:17:19, 2026-05-04T04:23:18, 2026-05-04T05:28:22, 2026-05-04T05:29:56, sol, 1, sg009, 1, 0, a100, 48, 0;1;2;3;4;5;6;7;8;9;10;11;12;13;14;15;16;17;18;19;20;21;22;23;24;25;26;27;28;29;30;31;32;33;34;35;36;37;38;39;40;41;42;43;44;45;46;47, streaming, performance, prod, 1, sg009, 1, a100, 0, 8, N/A, 1, 8, 500, 0, 0, 0, 0, 0, 0, 0, 5, 0, 0, 1, 0.012, 50000, 46.6882, 1070.935, N/A
2026-05-03T22:17:19, 2026-05-04T04:23:18, 2026-05-04T05:40:06, 2026-05-04T05:42:34, sol, 1, sg009, 1, 0, a100, 48, 0;1;2;3;4;5;6;7;8;9;10;11;12;13;14;15;16;17;18;19;20;21;22;23;24;25;26;27;28;29;30;31;32;33;34;35;36;37;38;39;40;41;42;43;44;45;46;47, streaming, performance, prod, 1, sg009, 1, a100, 0, 8, N/A, 1, 8, 500, 0, 0, 0, 0, 0, 0, 0, 1, 0, 0, 1, 0.012, 50000, 99.7562, 501.222, N/A
2026-05-03T22:17:19, 2026-05-04T04:23:18, 2026-05-04T05:42:35, 2026-05-04T05:44:57, sol, 1, sg009, 1, 0, a100, 48, 0;1;2;3;4;5;6;7;8;9;10;11;12;13;14;15;16;17;18;19;20;21;22;23;24;25;26;27;28;29;30;31;32;33;34;35;36;37;38;39;40;41;42;43;44;45;46;47, streaming, performance, prod, 1, sg009, 1, a100, 0, 8, N/A, 1, 8, 500, 0, 0, 0, 0, 0, 0, 0, 1, 0, 0, 1, 0.012, 50000, 94.937, 526.665, N/A
2026-05-03T22:17:19, 2026-05-04T04:23:18, 2026-05-04T05:44:58, 2026-05-04T05:47:27, sol, 1, sg009, 1, 0, a100, 48, 0;1;2;3;4;5;6;7;8;9;10;11;12;13;14;15;16;17;18;19;20;21;22;23;24;25;26;27;28;29;30;31;32;33;34;35;36;37;38;39;40;41;42;43;44;45;46;47, streaming, performance, prod, 1, sg009, 1, a100, 0, 8, N/A, 1, 8, 500, 0, 0, 0, 0, 0, 0, 0, 1, 0, 0, 1, 0.012, 50000, 101.921, 490.575, N/A
2026-05-03T22:17:19, 2026-05-04T04:23:18, 2026-05-04T05:47:27, 2026-05-04T05:49:52, sol, 1, sg009, 1, 0, a100, 48, 0;1;2;3;4;5;6;7;8;9;10;11;12;13;14;15;16;17;18;19;20;21;22;23;24;25;26;27;28;29;30;31;32;33;34;35;36;37;38;39;40;41;42;43;44;45;46;47, streaming, performance, prod, 1, sg009, 1, a100, 0, 8, N/A, 1, 8, 500, 0, 0, 0, 0, 0, 0, 0, 1, 0, 0, 1, 0.012, 50000, 96.5264, 517.993, N/A
2026-05-03T22:17:19, 2026-05-04T04:23:18, 2026-05-04T05:49:52, 2026-05-04T05:52:16, sol, 1, sg009, 1, 0, a100, 48, 0;1;2;3;4;5;6;7;8;9;10;11;12;13;14;15;16;17;18;19;20;21;22;23;24;25;26;27;28;29;30;31;32;33;34;35;36;37;38;39;40;41;42;43;44;45;46;47, streaming, performance, prod, 1, sg009, 1, a100, 0, 8, N/A, 1, 8, 500, 0, 0, 0, 0, 0, 0, 0, 1, 0, 0, 1, 0.012, 50000, 95.8041, 521.898, N/A
2026-03-10T13:04:50, 2026-03-11T04:59:26, 2026-03-11T05:01:31, 2026-03-11T05:02:05, sol, 1, sg032, 1, 0, a100, 48, 0;1;2;3;4;5;6;7;8;9;10;11;12;13;14;15;16;17;18;19;20;21;22;23;24;25;26;27;28;29;30;31;32;33;34;35;36;37;38;39;40;41;42;43;44;45;46;47, vanilla, optimization, prod, 1, sg032, 1, a100, 0, 12, N/A, 1, 12, 500, 0, 0, 0, 0, 0, 0, 0, 0, 0, 0, N/A, 0.012, 50000, 31.2649, 1599.237, N/A
2026-04-28T10:36:11, 2026-04-30T03:14:08, 2026-04-30T03:14:17, 2026-04-30T03:14:56, sol, 1, sg040, 1, 0, a100, 48, 0;1;2;3;4;5;6;7;8;9;10;11;12;13;14;15;16;17;18;19;20;21;22;23;24;25;26;27;28;29;30;31;32;33;34;35;36;37;38;39;40;41;42;43;44;45;46;47, vanilla, optimization, prod, 1, sg040, 1, a100, 0, 2, N/A, 1, 2, 500, 0, 0, 0, 0, 0, 0, 0, 0, 0, 0, N/A, 0.012, 50000, 31.1211, 1606.627, N/A
2026-04-28T10:36:11, 2026-04-30T03:14:08, 2026-04-30T03:14:57, 2026-04-30T03:15:31, sol, 1, sg040, 1, 0, a100, 48, 0;1;2;3;4;5;6;7;8;9;10;11;12;13;14;15;16;17;18;19;20;21;22;23;24;25;26;27;28;29;30;31;32;33;34;35;36;37;38;39;40;41;42;43;44;45;46;47, vanilla, optimization, prod, 1, sg040, 1, a100, 0, 4, N/A, 1, 4, 500, 0, 0, 0, 0, 0, 0, 0, 0, 0, 0, N/A, 0.012, 50000, 31.0414, 1610.754, N/A
2026-04-28T10:36:11, 2026-04-30T03:14:08, 2026-04-30T03:15:31, 2026-04-30T03:16:07, sol, 1, sg040, 1, 0, a100, 48, 0;1;2;3;4;5;6;7;8;9;10;11;12;13;14;15;16;17;18;19;20;21;22;23;24;25;26;27;28;29;30;31;32;33;34;35;36;37;38;39;40;41;42;43;44;45;46;47, vanilla, optimization, prod, 1, sg040, 1, a100, 0, 6, N/A, 1, 6, 500, 0, 0, 0, 0, 0, 0, 0, 0, 0, 0, N/A, 0.012, 50000, 31.2028, 1602.419, N/A
2026-04-28T10:36:11, 2026-04-30T03:14:08, 2026-04-30T03:16:07, 2026-04-30T03:16:45, sol, 1, sg040, 1, 0, a100, 48, 0;1;2;3;4;5;6;7;8;9;10;11;12;13;14;15;16;17;18;19;20;21;22;23;24;25;26;27;28;29;30;31;32;33;34;35;36;37;38;39;40;41;42;43;44;45;46;47, vanilla, optimization, prod, 1, sg040, 1, a100, 0, 8, N/A, 1, 8, 500, 0, 0, 0, 0, 0, 0, 0, 0, 0, 0, N/A, 0.012, 50000, 31.1017, 1607.629, N/A
2026-04-28T10:36:11, 2026-04-30T03:14:08, 2026-04-30T03:17:23, 2026-04-30T03:17:59, sol, 1, sg040, 1, 0, a100, 48, 0;1;2;3;4;5;6;7;8;9;10;11;12;13;14;15;16;17;18;19;20;21;22;23;24;25;26;27;28;29;30;31;32;33;34;35;36;37;38;39;40;41;42;43;44;45;46;47, vanilla, optimization, prod, 1, sg040, 1, a100, 0, 24, N/A, 1, 24, 500, 0, 0, 0, 0, 0, 0, 0, 0, 0, 0, N/A, 0.012, 50000, 31.3342, 1595.701, N/A
2026-04-28T10:36:11, 2026-04-30T03:14:08, 2026-04-30T03:18:00, 2026-04-30T03:18:39, sol, 1, sg040, 1, 0, a100, 48, 0;1;2;3;4;5;6;7;8;9;10;11;12;13;14;15;16;17;18;19;20;21;22;23;24;25;26;27;28;29;30;31;32;33;34;35;36;37;38;39;40;41;42;43;44;45;46;47, vanilla, optimization, prod, 1, sg040, 1, a100, 0, 36, N/A, 1, 36, 500, 0, 0, 0, 0, 0, 0, 0, 0, 0, 0, N/A, 0.012, 50000, 34.3529, 1455.480, N/A
2026-04-28T10:36:11, 2026-04-30T03:14:08, 2026-04-30T03:18:39, 2026-04-30T03:19:17, sol, 1, sg040, 1, 0, a100, 48, 0;1;2;3;4;5;6;7;8;9;10;11;12;13;14;15;16;17;18;19;20;21;22;23;24;25;26;27;28;29;30;31;32;33;34;35;36;37;38;39;40;41;42;43;44;45;46;47, vanilla, optimization, prod, 1, sg040, 1, a100, 0, 40, N/A, 1, 40, 500, 0, 0, 0, 0, 0, 0, 0, 0, 0, 0, N/A, 0.012, 50000, 34.7819, 1437.530, N/A
2026-04-28T10:36:11, 2026-04-30T03:14:08, 2026-04-30T03:19:19, 2026-04-30T03:19:59, sol, 1, sg040, 1, 0, a100, 48, 0;1;2;3;4;5;6;7;8;9;10;11;12;13;14;15;16;17;18;19;20;21;22;23;24;25;26;27;28;29;30;31;32;33;34;35;36;37;38;39;40;41;42;43;44;45;46;47, vanilla, optimization, prod, 1, sg040, 1, a100, 0, 46, N/A, 1, 46, 500, 0, 0, 0, 0, 0, 0, 0, 0, 0, 0, N/A, 0.012, 50000, 34.8733, 1433.764, N/A
2026-04-28T10:36:11, 2026-04-30T03:14:08, 2026-04-30T03:19:59, 2026-04-30T03:20:38, sol, 1, sg040, 1, 0, a100, 48, 0;1;2;3;4;5;6;7;8;9;10;11;12;13;14;15;16;17;18;19;20;21;22;23;24;25;26;27;28;29;30;31;32;33;34;35;36;37;38;39;40;41;42;43;44;45;46;47, vanilla, optimization, prod, 1, sg040, 1, a100, 0, 48, N/A, 1, 48, 500, 0, 0, 0, 0, 0, 0, 0, 0, 0, 0, N/A, 0.012, 50000, 34.8263, 1435.698, N/A
2026-04-23T20:11:47, 2026-04-23T20:27:08, 2026-04-23T20:27:16, 2026-04-23T20:28:02, sol, 1, sg026, 1, 0, a100, 14, 0;2;3;4;5;6;7;26;30;31;32;33;35;36, imdv3, optimization, prod, 1, sg026, 1, a100, 0, 12, N/A, 1, 12, 500, 0, 0, 0, 0, 0, 0, 0, 0, 0, 0, N/A, 0.012, 50000, 30.1814, 1656.650, N/A
2026-04-28T10:36:11, 2026-04-30T03:14:08, 2026-04-30T03:20:38, 2026-04-30T03:21:15, sol, 1, sg040, 1, 0, a100, 48, 0;1;2;3;4;5;6;7;8;9;10;11;12;13;14;15;16;17;18;19;20;21;22;23;24;25;26;27;28;29;30;31;32;33;34;35;36;37;38;39;40;41;42;43;44;45;46;47, imdv3, optimization, prod, 1, sg040, 1, a100, 0, 2, N/A, 1, 2, 500, 0, 0, 0, 0, 0, 0, 0, 0, 0, 0, N/A, 0.012, 50000, 30.2394, 1653.473, N/A
2026-04-28T10:36:11, 2026-04-30T03:14:08, 2026-04-30T03:21:15, 2026-04-30T03:21:53, sol, 1, sg040, 1, 0, a100, 48, 0;1;2;3;4;5;6;7;8;9;10;11;12;13;14;15;16;17;18;19;20;21;22;23;24;25;26;27;28;29;30;31;32;33;34;35;36;37;38;39;40;41;42;43;44;45;46;47, imdv3, optimization, prod, 1, sg040, 1, a100, 0, 4, N/A, 1, 4, 500, 0, 0, 0, 0, 0, 0, 0, 0, 0, 0, N/A, 0.012, 50000, 30.2121, 1654.966, N/A
2026-04-28T10:36:11, 2026-04-30T03:14:08, 2026-04-30T03:21:53, 2026-04-30T03:22:28, sol, 1, sg040, 1, 0, a100, 48, 0;1;2;3;4;5;6;7;8;9;10;11;12;13;14;15;16;17;18;19;20;21;22;23;24;25;26;27;28;29;30;31;32;33;34;35;36;37;38;39;40;41;42;43;44;45;46;47, imdv3, optimization, prod, 1, sg040, 1, a100, 0, 6, N/A, 1, 6, 500, 0, 0, 0, 0, 0, 0, 0, 0, 0, 0, N/A, 0.012, 50000, 30.2597, 1652.362, N/A
2026-04-28T10:36:11, 2026-04-30T03:14:08, 2026-04-30T03:22:28, 2026-04-30T03:23:02, sol, 1, sg040, 1, 0, a100, 48, 0;1;2;3;4;5;6;7;8;9;10;11;12;13;14;15;16;17;18;19;20;21;22;23;24;25;26;27;28;29;30;31;32;33;34;35;36;37;38;39;40;41;42;43;44;45;46;47, imdv3, optimization, prod, 1, sg040, 1, a100, 0, 8, N/A, 1, 8, 500, 0, 0, 0, 0, 0, 0, 0, 0, 0, 0, N/A, 0.012, 50000, 30.12, 1660.025, N/A
2026-04-28T10:36:11, 2026-04-30T03:14:08, 2026-04-30T03:23:37, 2026-04-30T03:24:14, sol, 1, sg040, 1, 0, a100, 48, 0;1;2;3;4;5;6;7;8;9;10;11;12;13;14;15;16;17;18;19;20;21;22;23;24;25;26;27;28;29;30;31;32;33;34;35;36;37;38;39;40;41;42;43;44;45;46;47, imdv3, optimization, prod, 1, sg040, 1, a100, 0, 24, N/A, 1, 24, 500, 0, 0, 0, 0, 0, 0, 0, 0, 0, 0, N/A, 0.012, 50000, 30.228, 1654.095, N/A
2026-04-28T10:36:11, 2026-04-30T03:14:08, 2026-04-30T03:24:15, 2026-04-30T03:24:59, sol, 1, sg040, 1, 0, a100, 48, 0;1;2;3;4;5;6;7;8;9;10;11;12;13;14;15;16;17;18;19;20;21;22;23;24;25;26;27;28;29;30;31;32;33;34;35;36;37;38;39;40;41;42;43;44;45;46;47, imdv3, optimization, prod, 1, sg040, 1, a100, 0, 36, N/A, 1, 36, 500, 0, 0, 0, 0, 0, 0, 0, 0, 0, 0, N/A, 0.012, 50000, 36.3598, 1375.145, N/A
2026-04-28T10:36:11, 2026-04-30T03:14:08, 2026-04-30T03:25:00, 2026-04-30T03:25:42, sol, 1, sg040, 1, 0, a100, 48, 0;1;2;3;4;5;6;7;8;9;10;11;12;13;14;15;16;17;18;19;20;21;22;23;24;25;26;27;28;29;30;31;32;33;34;35;36;37;38;39;40;41;42;43;44;45;46;47, imdv3, optimization, prod, 1, sg040, 1, a100, 0, 40, N/A, 1, 40, 500, 0, 0, 0, 0, 0, 0, 0, 0, 0, 0, N/A, 0.012, 50000, 34.8097, 1436.380, N/A
2026-04-28T10:36:11, 2026-04-30T03:14:08, 2026-04-30T03:25:43, 2026-04-30T03:26:27, sol, 1, sg040, 1, 0, a100, 48, 0;1;2;3;4;5;6;7;8;9;10;11;12;13;14;15;16;17;18;19;20;21;22;23;24;25;26;27;28;29;30;31;32;33;34;35;36;37;38;39;40;41;42;43;44;45;46;47, imdv3, optimization, prod, 1, sg040, 1, a100, 0, 46, N/A, 1, 46, 500, 0, 0, 0, 0, 0, 0, 0, 0, 0, 0, N/A, 0.012, 50000, 35.2543, 1418.266, N/A
2026-04-28T10:36:11, 2026-04-30T03:14:08, 2026-04-30T03:26:28, 2026-04-30T03:27:13, sol, 1, sg040, 1, 0, a100, 48, 0;1;2;3;4;5;6;7;8;9;10;11;12;13;14;15;16;17;18;19;20;21;22;23;24;25;26;27;28;29;30;31;32;33;34;35;36;37;38;39;40;41;42;43;44;45;46;47, imdv3, optimization, prod, 1, sg040, 1, a100, 0, 48, N/A, 1, 48, 500, 0, 0, 0, 0, 0, 0, 0, 0, 0, 0, N/A, 0.012, 50000, 37.421, 1336.150, N/A
