N/A, N/A, 2025-07-15T10:53:29, 2025-07-15T10:55:50, sol, 1, sg016, 1, 0, N/A, 48, N/A, streaming, performance, prod, 1, sg016, 1, N/A, 0, 24, N/A, 1, 24, 1000, 0, 0, 0, 0, 0, 0, 0, 50, 0, 0, 0, 0.002, 500000, 141.077, 612.433, N/A
N/A, N/A, 2025-07-15T10:48:02, 2025-07-15T10:50:22, sol, 1, sg016, 1, 0, N/A, 48, N/A, streaming, performance, prod, 1, sg016, 1, N/A, 0, 24, N/A, 1, 24, 1000, 0, 0, 0, 0, 0, 0, 0, 50, 0, 0, 0, 0.002, 500000, 140.084, 616.775, N/A
N/A, N/A, 2025-07-15T10:58:57, 2025-07-15T11:01:17, sol, 1, sg016, 1, 0, N/A, 48, N/A, streaming, performance, prod, 1, sg016, 1, N/A, 0, 24, N/A, 1, 24, 1000, 0, 0, 0, 0, 0, 0, 0, 50, 0, 0, 0, 0.002, 500000, 140.521, 614.858, N/A
N/A, N/A, 2025-07-15T10:56:14, 2025-07-15T10:58:33, sol, 1, sg016, 1, 0, N/A, 48, N/A, streaming, performance, prod, 1, sg016, 1, N/A, 0, 24, N/A, 1, 24, 1000, 0, 0, 0, 0, 0, 0, 0, 50, 0, 0, 0, 0.002, 500000, 139.446, 619.595, N/A
N/A, N/A, 2025-07-15T10:50:45, 2025-07-15T10:53:06, sol, 1, sg016, 1, 0, N/A, 48, N/A, streaming, performance, prod, 1, sg016, 1, N/A, 0, 24, N/A, 1, 24, 1000, 0, 0, 0, 0, 0, 0, 0, 50, 0, 0, 0, 0.002, 500000, 140.337, 615.664, N/A
N/A, N/A, 2025-07-15T10:26:00, 2025-07-15T10:28:22, sol, 1, sg016, 1, 0, N/A, 48, N/A, streaming, performance, prod, 1, sg016, 1, N/A, 0, 24, N/A, 1, 24, 1000, 0, 0, 0, 0, 0, 0, 0, 5, 0, 0, 0, 0.002, 500000, 141.201, 611.897, N/A
N/A, N/A, 2025-07-15T10:23:15, 2025-07-15T10:25:36, sol, 1, sg016, 1, 0, N/A, 48, N/A, streaming, performance, prod, 1, sg016, 1, N/A, 0, 24, N/A, 1, 24, 1000, 0, 0, 0, 0, 0, 0, 0, 5, 0, 0, 0, 0.002, 500000, 141.727, 609.624, N/A
N/A, N/A, 2025-07-15T10:31:30, 2025-07-15T10:33:51, sol, 1, sg016, 1, 0, N/A, 48, N/A, streaming, performance, prod, 1, sg016, 1, N/A, 0, 24, N/A, 1, 24, 1000, 0, 0, 0, 0, 0, 0, 0, 5, 0, 0, 0, 0.002, 500000, 141.173, 612.016, N/A
N/A, N/A, 2025-07-15T10:28:46, 2025-07-15T10:31:07, sol, 1, sg016, 1, 0, N/A, 48, N/A, streaming, performance, prod, 1, sg016, 1, N/A, 0, 24, N/A, 1, 24, 1000, 0, 0, 0, 0, 0, 0, 0, 5, 0, 0, 0, 0.002, 500000, 140.969, 612.904, N/A
N/A, N/A, 2025-07-15T10:20:30, 2025-07-15T10:22:51, sol, 1, sg016, 1, 0, N/A, 48, N/A, streaming, performance, prod, 1, sg016, 1, N/A, 0, 24, N/A, 1, 24, 1000, 0, 0, 0, 0, 0, 0, 0, 5, 0, 0, 0, 0.002, 500000, 141.061, 612.503, N/A
N/A, N/A, 2025-07-15T10:17:45, 2025-07-15T10:20:06, sol, 1, sg016, 1, 0, N/A, 48, N/A, streaming, performance, prod, 1, sg016, 1, N/A, 0, 24, N/A, 1, 24, 1000, 0, 0, 0, 0, 0, 0, 0, 1, 0, 0, 0, 0.002, 500000, 141.365, 611.187, N/A
N/A, N/A, 2025-07-15T10:14:55, 2025-07-15T10:17:21, sol, 1, sg016, 1, 0, N/A, 48, N/A, streaming, performance, prod, 1, sg016, 1, N/A, 0, 24, N/A, 1, 24, 1000, 0, 0, 0, 0, 0, 0, 0, 1, 0, 0, 0, 0.002, 500000, 145.611, 593.361, N/A
N/A, N/A, 2025-07-15T10:06:30, 2025-07-15T10:08:55, sol, 1, sg016, 1, 0, N/A, 48, N/A, streaming, performance, prod, 1, sg016, 1, N/A, 0, 24, N/A, 1, 24, 1000, 0, 0, 0, 0, 0, 0, 0, 1, 0, 0, 0, 0.002, 500000, 144.282, 598.830, N/A
N/A, N/A, 2025-07-15T10:12:09, 2025-07-15T10:14:31, sol, 1, sg016, 1, 0, N/A, 48, N/A, streaming, performance, prod, 1, sg016, 1, N/A, 0, 24, N/A, 1, 24, 1000, 0, 0, 0, 0, 0, 0, 0, 1, 0, 0, 0, 0.002, 500000, 141.968, 608.590, N/A
N/A, N/A, 2025-07-15T10:09:19, 2025-07-15T10:11:46, sol, 1, sg016, 1, 0, N/A, 48, N/A, streaming, performance, prod, 1, sg016, 1, N/A, 0, 24, N/A, 1, 24, 1000, 0, 0, 0, 0, 0, 0, 0, 1, 0, 0, 0, 0.002, 500000, 147.111, 587.313, N/A
N/A, N/A, 2025-07-15T10:39:50, 2025-07-15T10:42:11, sol, 1, sg016, 1, 0, N/A, 48, N/A, streaming, performance, prod, 1, sg016, 1, N/A, 0, 24, N/A, 1, 24, 1000, 0, 0, 0, 0, 0, 0, 0, 8, 0, 0, 0, 0.002, 500000, 140.711, 614.027, N/A
N/A, N/A, 2025-07-15T10:37:02, 2025-07-15T10:39:27, sol, 1, sg016, 1, 0, N/A, 48, N/A, streaming, performance, prod, 1, sg016, 1, N/A, 0, 24, N/A, 1, 24, 1000, 0, 0, 0, 0, 0, 0, 0, 8, 0, 0, 0, 0.002, 500000, 144.699, 597.104, N/A
N/A, N/A, 2025-07-15T10:34:15, 2025-07-15T10:36:39, sol, 1, sg016, 1, 0, N/A, 48, N/A, streaming, performance, prod, 1, sg016, 1, N/A, 0, 24, N/A, 1, 24, 1000, 0, 0, 0, 0, 0, 0, 0, 8, 0, 0, 0, 0.002, 500000, 143.712, 601.205, N/A
N/A, N/A, 2025-07-15T10:45:17, 2025-07-15T10:47:38, sol, 1, sg016, 1, 0, N/A, 48, N/A, streaming, performance, prod, 1, sg016, 1, N/A, 0, 24, N/A, 1, 24, 1000, 0, 0, 0, 0, 0, 0, 0, 8, 0, 0, 0, 0.002, 500000, 140.745, 613.875, N/A
N/A, N/A, 2025-07-15T10:42:35, 2025-07-15T10:44:54, sol, 1, sg016, 1, 0, N/A, 48, N/A, streaming, performance, prod, 1, sg016, 1, N/A, 0, 24, N/A, 1, 24, 1000, 0, 0, 0, 0, 0, 0, 0, 8, 0, 0, 0, 0.002, 500000, 139.470, 619.491, N/A
N/A, N/A, 2025-07-15T11:12:37, 2025-07-15T11:15:03, sol, 1, sg016, 1, 0, N/A, 48, N/A, streaming, performance, prod, 1, sg016, 1, N/A, 0, 24, N/A, 1, 24, 1000, 0, 0, 0, 0, 0, 0, 0, 500, 0, 0, 0, 0.002, 500000, 145.530, 593.695, N/A
N/A, N/A, 2025-07-15T11:04:25, 2025-07-15T11:06:45, sol, 1, sg016, 1, 0, N/A, 48, N/A, streaming, performance, prod, 1, sg016, 1, N/A, 0, 24, N/A, 1, 24, 1000, 0, 0, 0, 0, 0, 0, 0, 500, 0, 0, 0, 0.002, 500000, 139.754, 618.232, N/A
N/A, N/A, 2025-07-15T11:01:41, 2025-07-15T11:04:01, sol, 1, sg016, 1, 0, N/A, 48, N/A, streaming, performance, prod, 1, sg016, 1, N/A, 0, 24, N/A, 1, 24, 1000, 0, 0, 0, 0, 0, 0, 0, 500, 0, 0, 0, 0.002, 500000, 140.386, 615.449, N/A
N/A, N/A, 2025-07-15T11:09:53, 2025-07-15T11:12:13, sol, 1, sg016, 1, 0, N/A, 48, N/A, streaming, performance, prod, 1, sg016, 1, N/A, 0, 24, N/A, 1, 24, 1000, 0, 0, 0, 0, 0, 0, 0, 500, 0, 0, 0, 0.002, 500000, 140.503, 614.934, N/A
N/A, N/A, 2025-07-15T11:07:09, 2025-07-15T11:09:29, sol, 1, sg016, 1, 0, N/A, 48, N/A, streaming, performance, prod, 1, sg016, 1, N/A, 0, 24, N/A, 1, 24, 1000, 0, 0, 0, 0, 0, 0, 0, 500, 0, 0, 0, 0.002, 500000, 140.132, 616.563, N/A
N/A, N/A, 2025-07-15T11:26:28, 2025-07-15T11:29:09, sol, 1, sg016, 1, 0, N/A, 48, N/A, streaming, performance, prod, 1, sg016, 1, N/A, 0, 24, N/A, 1, 24, 1000, 0, 0, 0, 0, 0, 0, 0, 5000, 0, 0, 0, 0.002, 500000, 160.623, 537.908, N/A
N/A, N/A, 2025-07-15T11:23:36, 2025-07-15T11:26:05, sol, 1, sg016, 1, 0, N/A, 48, N/A, streaming, performance, prod, 1, sg016, 1, N/A, 0, 24, N/A, 1, 24, 1000, 0, 0, 0, 0, 0, 0, 0, 5000, 0, 0, 0, 0.002, 500000, 148.907, 580.231, N/A
N/A, N/A, 2025-07-15T11:20:51, 2025-07-15T11:23:12, sol, 1, sg016, 1, 0, N/A, 48, N/A, streaming, performance, prod, 1, sg016, 1, N/A, 0, 24, N/A, 1, 24, 1000, 0, 0, 0, 0, 0, 0, 0, 5000, 0, 0, 0, 0.002, 500000, 141.031, 612.631, N/A
N/A, N/A, 2025-07-15T11:18:09, 2025-07-15T11:20:28, sol, 1, sg016, 1, 0, N/A, 48, N/A, streaming, performance, prod, 1, sg016, 1, N/A, 0, 24, N/A, 1, 24, 1000, 0, 0, 0, 0, 0, 0, 0, 5000, 0, 0, 0, 0.002, 500000, 138.726, 622.813, N/A
N/A, N/A, 2025-07-15T11:15:26, 2025-07-15T11:17:45, sol, 1, sg016, 1, 0, N/A, 48, N/A, streaming, performance, prod, 1, sg016, 1, N/A, 0, 24, N/A, 1, 24, 1000, 0, 0, 0, 0, 0, 0, 0, 5000, 0, 0, 0, 0.002, 500000, 139.339, 620.071, N/A
N/A, N/A, 2025-03-20T05:08:22, 2025-03-20T05:10:41, sol, 1, sg008, 1, 0, N/A, 48, N/A, imdv3, performance, prod, 1, sg008, 1, N/A, 0, 24, N/A, 1, 24, 1000, 0, 0, 0, 0, 0, 0, 0, 0, 0, 0, N/A, 0.002, 500000, 139.714, 618.408, N/A
N/A, N/A, 2025-03-20T05:01:07, 2025-03-20T05:03:27, sol, 1, sg008, 1, 0, N/A, 48, N/A, imdv3, performance, prod, 1, sg008, 1, N/A, 0, 24, N/A, 1, 24, 1000, 0, 0, 0, 0, 0, 0, 0, 0, 0, 0, N/A, 0.002, 500000, 140.613, 614.454, N/A
N/A, N/A, 2025-03-20T05:05:57, 2025-03-20T05:08:17, sol, 1, sg008, 1, 0, N/A, 48, N/A, imdv3, performance, prod, 1, sg008, 1, N/A, 0, 24, N/A, 1, 24, 1000, 0, 0, 0, 0, 0, 0, 0, 0, 0, 0, N/A, 0.002, 500000, 140.628, 614.386, N/A
N/A, N/A, 2025-03-20T05:03:32, 2025-03-20T05:05:52, sol, 1, sg008, 1, 0, N/A, 48, N/A, imdv3, performance, prod, 1, sg008, 1, N/A, 0, 24, N/A, 1, 24, 1000, 0, 0, 0, 0, 0, 0, 0, 0, 0, 0, N/A, 0.002, 500000, 140.519, 614.864, N/A
N/A, N/A, 2025-03-20T04:58:40, 2025-03-20T05:01:03, sol, 1, sg008, 1, 0, N/A, 48, N/A, imdv3, performance, prod, 1, sg008, 1, N/A, 0, 24, N/A, 1, 24, 1000, 0, 0, 0, 0, 0, 0, 0, 0, 0, 0, N/A, 0.002, 500000, 142.306, 607.145, N/A
N/A, N/A, 2025-03-15T22:52:30, 2025-03-15T23:04:47, sol, 1, sg030, 1, 0, N/A, 48, N/A, imdv3, optimization, prod, 1, sg030, 1, N/A, 0, 24, N/A, 8, 3, 1000, 0, 50000, 0, 0, 0, 0, 0, 0, 0, 0, N/A, 0.002, 500000, 736.404, 117.327, N/A
N/A, N/A, 2025-03-12T03:12:28, 2025-03-12T03:23:36, sol, 1, sg004, 1, 0, N/A, 48, N/A, imdv3, optimization, prod, 1, sg004, 1, N/A, 0, 12, N/A, 3, 4, 1000, 0, 50000, 0, 0, 0, 0, 0, 0, 0, 0, N/A, 0.002, 500000, 667.884, 129.364, N/A
N/A, N/A, 2025-03-12T02:59:57, 2025-03-12T03:11:52, sol, 1, sg004, 1, 0, N/A, 48, N/A, imdv3, optimization, prod, 1, sg004, 1, N/A, 0, 12, N/A, 2, 6, 1000, 0, 50000, 0, 0, 0, 0, 0, 0, 0, 0, N/A, 0.002, 500000, 715.373, 120.776, N/A
N/A, N/A, 2025-03-15T22:13:11, 2025-03-15T22:23:38, sol, 1, sg030, 1, 0, N/A, 48, N/A, imdv3, optimization, prod, 1, sg030, 1, N/A, 0, 24, N/A, 2, 12, 1000, 0, 50000, 0, 0, 0, 0, 0, 0, 0, 0, N/A, 0.002, 500000, 626.878, 137.826, N/A
N/A, N/A, 2025-03-18T08:08:53, 2025-03-18T08:24:30, sol, 1, sg047, 1, 0, N/A, 48, N/A, imdv3, optimization, prod, 1, sg047, 1, N/A, 0, 36, N/A, 18, 2, 1000, 0, 50000, 0, 0, 0, 0, 0, 0, 0, 0, N/A, 0.002, 500000, 936.470, 92.262, N/A
N/A, N/A, 2025-03-16T14:51:42, 2025-03-16T15:06:05, sol, 1, sg032, 1, 0, N/A, 48, N/A, imdv3, optimization, prod, 1, sg032, 1, N/A, 0, 48, N/A, 8, 6, 1000, 0, 50000, 0, 0, 0, 0, 0, 0, 0, 0, N/A, 0.002, 500000, 862.892, 100.129, N/A
N/A, N/A, 2025-03-12T03:34:10, 2025-03-12T03:44:44, sol, 1, sg004, 1, 0, N/A, 48, N/A, imdv3, optimization, prod, 1, sg004, 1, N/A, 0, 12, N/A, 6, 2, 1000, 0, 50000, 0, 0, 0, 0, 0, 0, 0, 0, N/A, 0.002, 500000, 634.455, 136.180, N/A
N/A, N/A, 2025-03-16T14:18:57, 2025-03-16T14:27:20, sol, 1, sg032, 1, 0, N/A, 48, N/A, imdv3, optimization, prod, 1, sg032, 1, N/A, 0, 48, N/A, 3, 16, 1000, 0, 50000, 0, 0, 0, 0, 0, 0, 0, 0, N/A, 0.002, 500000, 503.497, 171.600, N/A
N/A, N/A, 2025-03-16T14:06:06, 2025-03-16T14:18:52, sol, 1, sg032, 1, 0, N/A, 48, N/A, imdv3, optimization, prod, 1, sg032, 1, N/A, 0, 48, N/A, 2, 24, 1000, 0, 50000, 0, 0, 0, 0, 0, 0, 0, 0, N/A, 0.002, 500000, 765.977, 112.797, N/A
N/A, N/A, 2025-03-18T07:01:09, 2025-03-18T07:15:02, sol, 1, sg047, 1, 0, N/A, 48, N/A, imdv3, optimization, prod, 1, sg047, 1, N/A, 0, 36, N/A, 2, 18, 1000, 0, 50000, 0, 0, 0, 0, 0, 0, 0, 0, N/A, 0.002, 500000, 832.898, 103.734, N/A
N/A, N/A, 2025-03-16T15:06:10, 2025-03-16T15:19:04, sol, 1, sg032, 1, 0, N/A, 48, N/A, imdv3, optimization, prod, 1, sg032, 1, N/A, 0, 48, N/A, 12, 4, 1000, 0, 50000, 0, 0, 0, 0, 0, 0, 0, 0, N/A, 0.002, 500000, 773.701, 111.671, N/A
N/A, N/A, 2025-03-16T14:02:24, 2025-03-16T14:06:01, sol, 1, sg032, 1, 0, N/A, 48, N/A, imdv3, optimization, prod, 1, sg032, 1, N/A, 0, 48, N/A, 1, 48, 1000, 0, 50000, 0, 0, 0, 0, 0, 0, 0, 0, N/A, 0.002, 500000, 216.899, 398.343, N/A
N/A, N/A, 2025-03-16T16:06:26, 2025-03-16T16:57:42, sol, 1, sg032, 1, 0, N/A, 48, N/A, imdv3, optimization, prod, 1, sg032, 1, N/A, 0, 48, N/A, 48, N/A, 1000, 0, 50000, 0, 0, 0, 0, 0, 0, 0, 0, N/A, 0.002, 500000, 3076.302, 28.086, N/A
N/A, N/A, 2025-03-16T14:27:25, 2025-03-16T14:37:01, sol, 1, sg032, 1, 0, N/A, 48, N/A, imdv3, optimization, prod, 1, sg032, 1, N/A, 0, 48, N/A, 4, 12, 1000, 0, 50000, 0, 0, 0, 0, 0, 0, 0, 0, N/A, 0.002, 500000, 576.318, 149.917, N/A
N/A, N/A, 2025-03-18T08:24:34, 2025-03-18T08:48:06, sol, 1, sg047, 1, 0, N/A, 48, N/A, imdv3, optimization, prod, 1, sg047, 1, N/A, 0, 48, N/A, 36, N/A, 1000, 0, 50000, 0, 0, 0, 0, 0, 0, 0, 0, N/A, 0.002, 500000, 1411.734, 61.201, N/A
N/A, N/A, 2025-03-18T06:58:32, 2025-03-18T07:01:05, sol, 1, sg047, 1, 0, N/A, 48, N/A, imdv3, optimization, prod, 1, sg047, 1, N/A, 0, 36, N/A, 1, 36, 1000, 0, 50000, 0, 0, 0, 0, 0, 0, 0, 0, N/A, 0.002, 500000, 153.231, 563.857, N/A
N/A, N/A, 2025-03-01T04:59:56, 2025-03-01T05:02:20, sol, 1, sg004, 1, 0, N/A, 48, N/A, imdv3, optimization, prod, 1, sg004, 1, N/A, 0, 12, N/A, 1, 12, 1000, 0, 50000, 0, 0, 0, 0, 0, 0, 0, 0, N/A, 0.002, 500000, 143.330, 602.808, N/A
N/A, N/A, 2025-03-15T22:43:05, 2025-03-15T22:52:26, sol, 1, sg030, 1, 0, N/A, 48, N/A, imdv3, optimization, prod, 1, sg030, 1, N/A, 0, 24, N/A, 6, 4, 1000, 0, 50000, 0, 0, 0, 0, 0, 0, 0, 0, N/A, 0.002, 500000, 560.993, 154.013, N/A
N/A, N/A, 2025-03-12T03:24:12, 2025-03-12T03:33:53, sol, 1, sg004, 1, 0, N/A, 48, N/A, imdv3, optimization, prod, 1, sg004, 1, N/A, 0, 12, N/A, 4, 3, 1000, 0, 50000, 0, 0, 0, 0, 0, 0, 0, 0, N/A, 0.002, 500000, 580.699, 148.787, N/A
N/A, N/A, 2025-03-12T03:44:54, 2025-03-12T03:57:44, sol, 1, sg004, 1, 0, N/A, 48, N/A, imdv3, optimization, prod, 1, sg004, 1, N/A, 0, 48, N/A, 12, N/A, 1000, 0, 50000, 0, 0, 0, 0, 0, 0, 0, 0, N/A, 0.002, 500000, 770.537, 112.130, N/A
N/A, N/A, 2025-03-18T07:43:59, 2025-03-18T07:56:14, sol, 1, sg047, 1, 0, N/A, 48, N/A, imdv3, optimization, prod, 1, sg047, 1, N/A, 0, 36, N/A, 9, 4, 1000, 0, 50000, 0, 0, 0, 0, 0, 0, 0, 0, N/A, 0.002, 500000, 734.932, 117.562, N/A
N/A, N/A, 2025-03-16T14:37:06, 2025-03-16T14:51:38, sol, 1, sg032, 1, 0, N/A, 48, N/A, imdv3, optimization, prod, 1, sg032, 1, N/A, 0, 48, N/A, 6, 8, 1000, 0, 50000, 0, 0, 0, 0, 0, 0, 0, 0, N/A, 0.002, 500000, 871.660, 99.121, N/A
N/A, N/A, 2025-03-18T07:34:52, 2025-03-18T07:43:55, sol, 1, sg047, 1, 0, N/A, 48, N/A, imdv3, optimization, prod, 1, sg047, 1, N/A, 0, 36, N/A, 6, 6, 1000, 0, 50000, 0, 0, 0, 0, 0, 0, 0, 0, N/A, 0.002, 500000, 542.750, 159.190, N/A
N/A, N/A, 2025-03-18T07:26:01, 2025-03-18T07:34:47, sol, 1, sg047, 1, 0, N/A, 48, N/A, imdv3, optimization, prod, 1, sg047, 1, N/A, 0, 36, N/A, 4, 9, 1000, 0, 50000, 0, 0, 0, 0, 0, 0, 0, 0, N/A, 0.002, 500000, 525.763, 164.333, N/A
N/A, N/A, 2025-03-15T22:33:49, 2025-03-15T22:43:01, sol, 1, sg030, 1, 0, N/A, 48, N/A, imdv3, optimization, prod, 1, sg030, 1, N/A, 0, 24, N/A, 4, 6, 1000, 0, 50000, 0, 0, 0, 0, 0, 0, 0, 0, N/A, 0.002, 500000, 552.082, 156.499, N/A
N/A, N/A, 2025-03-15T22:23:42, 2025-03-15T22:33:44, sol, 1, sg030, 1, 0, N/A, 48, N/A, imdv3, optimization, prod, 1, sg030, 1, N/A, 0, 24, N/A, 3, 8, 1000, 0, 50000, 0, 0, 0, 0, 0, 0, 0, 0, N/A, 0.002, 500000, 602.099, 143.498, N/A
N/A, N/A, 2025-03-18T07:15:07, 2025-03-18T07:25:57, sol, 1, sg047, 1, 0, N/A, 48, N/A, imdv3, optimization, prod, 1, sg047, 1, N/A, 0, 36, N/A, 3, 12, 1000, 0, 50000, 0, 0, 0, 0, 0, 0, 0, 0, N/A, 0.002, 500000, 650.215, 132.879, N/A
N/A, N/A, 2025-03-16T15:40:29, 2025-03-16T16:06:21, sol, 1, sg032, 1, 0, N/A, 48, N/A, imdv3, optimization, prod, 1, sg032, 1, N/A, 0, 48, N/A, 24, 2, 1000, 0, 50000, 0, 0, 0, 0, 0, 0, 0, 0, N/A, 0.002, 500000, 1551.128, 55.702, N/A
N/A, N/A, 2025-03-15T23:16:59, 2025-03-15T23:32:32, sol, 1, sg030, 1, 0, N/A, 48, N/A, imdv3, optimization, prod, 1, sg030, 1, N/A, 0, 48, N/A, 24, N/A, 1000, 0, 50000, 0, 0, 0, 0, 0, 0, 0, 0, N/A, 0.002, 500000, 933.526, 92.553, N/A
N/A, N/A, 2025-03-18T07:56:18, 2025-03-18T08:08:49, sol, 1, sg047, 1, 0, N/A, 48, N/A, imdv3, optimization, prod, 1, sg047, 1, N/A, 0, 36, N/A, 12, 3, 1000, 0, 50000, 0, 0, 0, 0, 0, 0, 0, 0, N/A, 0.002, 500000, 750.103, 115.184, N/A
N/A, N/A, 2025-03-15T23:04:51, 2025-03-15T23:16:54, sol, 1, sg030, 1, 0, N/A, 48, N/A, imdv3, optimization, prod, 1, sg030, 1, N/A, 0, 24, N/A, 12, 2, 1000, 0, 50000, 0, 0, 0, 0, 0, 0, 0, 0, N/A, 0.002, 500000, 722.687, 119.554, N/A
N/A, N/A, 2025-03-15T22:10:45, 2025-03-15T22:13:06, sol, 1, sg030, 1, 0, N/A, 48, N/A, imdv3, optimization, prod, 1, sg030, 1, N/A, 0, 24, N/A, 1, 24, 1000, 0, 50000, 0, 0, 0, 0, 0, 0, 0, 0, N/A, 0.002, 500000, 141.666, 609.885, N/A
N/A, N/A, 2025-03-16T15:19:09, 2025-03-16T15:40:25, sol, 1, sg032, 1, 0, N/A, 48, N/A, imdv3, optimization, prod, 1, sg032, 1, N/A, 0, 48, N/A, 16, 3, 1000, 0, 50000, 0, 0, 0, 0, 0, 0, 0, 0, N/A, 0.002, 500000, 1276.017, 67.711, N/A
N/A, N/A, 2025-04-20T09:45:07, 2025-04-20T10:04:36, sol, 1, sg021, 1, 0, N/A, 48, N/A, fileio, performance, prod, 1, sg021, 1, N/A, 0, 24, N/A, 1, 24, 1000, 0, 1, 0, 0, 0, 0, 0, 0, 0, 0, N/A, 0.002, 500000, 1169.524, 73.876, N/A
N/A, N/A, 2025-04-20T10:04:41, 2025-04-20T10:23:58, sol, 1, sg021, 1, 0, N/A, 48, N/A, fileio, performance, prod, 1, sg021, 1, N/A, 0, 24, N/A, 1, 24, 1000, 0, 1, 0, 0, 0, 0, 0, 0, 0, 0, N/A, 0.002, 500000, 1156.695, 74.696, N/A
N/A, N/A, 2025-04-20T09:06:26, 2025-04-20T09:25:35, sol, 1, sg021, 1, 0, N/A, 48, N/A, fileio, performance, prod, 1, sg021, 1, N/A, 0, 24, N/A, 1, 24, 1000, 0, 1, 0, 0, 0, 0, 0, 0, 0, 0, N/A, 0.002, 500000, 1149.315, 75.175, N/A
N/A, N/A, 2025-04-20T10:24:02, 2025-04-20T10:43:24, sol, 1, sg021, 1, 0, N/A, 48, N/A, fileio, performance, prod, 1, sg021, 1, N/A, 0, 24, N/A, 1, 24, 1000, 0, 1, 0, 0, 0, 0, 0, 0, 0, 0, N/A, 0.002, 500000, 1161.437, 74.391, N/A
N/A, N/A, 2025-04-20T09:25:40, 2025-04-20T09:45:02, sol, 1, sg021, 1, 0, N/A, 48, N/A, fileio, performance, prod, 1, sg021, 1, N/A, 0, 24, N/A, 1, 24, 1000, 0, 1, 0, 0, 0, 0, 0, 0, 0, 0, N/A, 0.002, 500000, 1161.319, 74.398, N/A
N/A, N/A, 2025-04-21T04:29:46, 2025-04-21T04:33:40, sol, 1, sg020, 1, 0, N/A, 48, N/A, fileio, performance, prod, 1, sg020, 1, N/A, 0, 24, N/A, 1, 24, 1000, 0, 50, 0, 0, 0, 0, 0, 0, 0, 0, N/A, 0.002, 500000, 233.939, 369.327, N/A
N/A, N/A, 2025-04-21T04:18:20, 2025-04-21T04:22:01, sol, 1, sg020, 1, 0, N/A, 48, N/A, fileio, performance, prod, 1, sg020, 1, N/A, 0, 24, N/A, 1, 24, 1000, 0, 50, 0, 0, 0, 0, 0, 0, 0, 0, N/A, 0.002, 500000, 221.255, 390.501, N/A
N/A, N/A, 2025-04-21T04:14:30, 2025-04-21T04:18:15, sol, 1, sg020, 1, 0, N/A, 48, N/A, fileio, performance, prod, 1, sg020, 1, N/A, 0, 24, N/A, 1, 24, 1000, 0, 50, 0, 0, 0, 0, 0, 0, 0, 0, N/A, 0.002, 500000, 225.277, 383.529, N/A
N/A, N/A, 2025-04-21T04:25:55, 2025-04-21T04:29:42, sol, 1, sg020, 1, 0, N/A, 48, N/A, fileio, performance, prod, 1, sg020, 1, N/A, 0, 24, N/A, 1, 24, 1000, 0, 50, 0, 0, 0, 0, 0, 0, 0, 0, N/A, 0.002, 500000, 227.014, 380.594, N/A
N/A, N/A, 2025-04-21T04:22:05, 2025-04-21T04:25:51, sol, 1, sg020, 1, 0, N/A, 48, N/A, fileio, performance, prod, 1, sg020, 1, N/A, 0, 24, N/A, 1, 24, 1000, 0, 50, 0, 0, 0, 0, 0, 0, 0, 0, N/A, 0.002, 500000, 225.596, 382.987, N/A
N/A, N/A, 2025-04-21T04:33:45, 2025-04-21T04:40:30, sol, 1, sg003, 1, 0, N/A, 48, N/A, fileio, performance, prod, 1, sg003, 1, N/A, 0, 24, N/A, 1, 24, 1000, 0, 5, 0, 0, 0, 0, 0, 0, 0, 0, N/A, 0.002, 500000, 405.484, 213.079, N/A
N/A, N/A, 2025-04-21T04:27:02, 2025-04-21T04:33:40, sol, 1, sg003, 1, 0, N/A, 48, N/A, fileio, performance, prod, 1, sg003, 1, N/A, 0, 24, N/A, 1, 24, 1000, 0, 5, 0, 0, 0, 0, 0, 0, 0, 0, N/A, 0.002, 500000, 398.497, 216.815, N/A
N/A, N/A, 2025-04-21T04:20:19, 2025-04-21T04:26:58, sol, 1, sg003, 1, 0, N/A, 48, N/A, fileio, performance, prod, 1, sg003, 1, N/A, 0, 24, N/A, 1, 24, 1000, 0, 5, 0, 0, 0, 0, 0, 0, 0, 0, N/A, 0.002, 500000, 398.961, 216.563, N/A
N/A, N/A, 2025-04-21T04:13:42, 2025-04-21T04:20:14, sol, 1, sg003, 1, 0, N/A, 48, N/A, fileio, performance, prod, 1, sg003, 1, N/A, 0, 24, N/A, 1, 24, 1000, 0, 5, 0, 0, 0, 0, 0, 0, 0, 0, N/A, 0.002, 500000, 392.178, 220.309, N/A
N/A, N/A, 2025-04-21T04:06:58, 2025-04-21T04:13:36, sol, 1, sg003, 1, 0, N/A, 48, N/A, fileio, performance, prod, 1, sg003, 1, N/A, 0, 24, N/A, 1, 24, 1000, 0, 5, 0, 0, 0, 0, 0, 0, 0, 0, N/A, 0.002, 500000, 398.066, 217.050, N/A
N/A, N/A, 2025-04-21T06:03:04, 2025-04-21T06:08:32, sol, 1, sg027, 1, 0, N/A, 48, N/A, fileio, performance, prod, 1, sg027, 1, N/A, 0, 24, N/A, 1, 24, 1000, 0, 8, 0, 0, 0, 0, 0, 0, 0, 0, N/A, 0.002, 500000, 328.042, 263.381, N/A
N/A, N/A, 2025-04-21T05:57:32, 2025-04-21T06:02:59, sol, 1, sg027, 1, 0, N/A, 48, N/A, fileio, performance, prod, 1, sg027, 1, N/A, 0, 24, N/A, 1, 24, 1000, 0, 8, 0, 0, 0, 0, 0, 0, 0, 0, N/A, 0.002, 500000, 325.994, 265.036, N/A
N/A, N/A, 2025-04-21T05:08:14, 2025-04-21T05:42:58, sol, 1, sg027, 1, 0, N/A, 48, N/A, fileio, performance, prod, 1, sg027, 1, N/A, 0, 24, N/A, 1, 24, 1000, 0, 8, 0, 0, 0, 0, 0, 0, 0, 0, N/A, 0.002, 500000, 2083.276, 41.473, N/A
N/A, N/A, 2025-04-21T05:43:04, 2025-04-21T05:57:27, sol, 1, sg027, 1, 0, N/A, 48, N/A, fileio, performance, prod, 1, sg027, 1, N/A, 0, 24, N/A, 1, 24, 1000, 0, 8, 0, 0, 0, 0, 0, 0, 0, 0, N/A, 0.002, 500000, 863.594, 100.047, N/A
N/A, N/A, 2025-04-21T05:01:51, 2025-04-21T05:08:08, sol, 1, sg027, 1, 0, N/A, 48, N/A, fileio, performance, prod, 1, sg027, 1, N/A, 0, 24, N/A, 1, 24, 1000, 0, 8, 0, 0, 0, 0, 0, 0, 0, 0, N/A, 0.002, 500000, 377.457, 228.900, N/A
N/A, N/A, 2025-07-02T00:57:36, 2025-07-02T01:00:40, sol, 1, sg042, 1, 0, N/A, 48, N/A, fileio, performance, prod, 1, sg042, 1, N/A, 0, 24, N/A, 1, 24, 1000, 0, 5000, 0, 0, 0, 0, 0, 0, 0, 0, N/A, 0.002, 500000, 183.525, 470.782, N/A
N/A, N/A, 2025-07-02T01:00:44, 2025-07-02T01:03:52, sol, 1, sg042, 1, 0, N/A, 48, N/A, fileio, performance, prod, 1, sg042, 1, N/A, 0, 24, N/A, 1, 24, 1000, 0, 5000, 0, 0, 0, 0, 0, 0, 0, 0, N/A, 0.002, 500000, 188.022, 459.521, N/A
N/A, N/A, 2025-07-02T00:54:30, 2025-07-02T00:57:31, sol, 1, sg042, 1, 0, N/A, 48, N/A, fileio, performance, prod, 1, sg042, 1, N/A, 0, 24, N/A, 1, 24, 1000, 0, 5000, 0, 0, 0, 0, 0, 0, 0, 0, N/A, 0.002, 500000, 181.178, 476.880, N/A
N/A, N/A, 2025-07-02T00:51:52, 2025-07-02T00:54:25, sol, 1, sg042, 1, 0, N/A, 48, N/A, fileio, performance, prod, 1, sg042, 1, N/A, 0, 24, N/A, 1, 24, 1000, 0, 5000, 0, 0, 0, 0, 0, 0, 0, 0, N/A, 0.002, 500000, 153.295, 563.620, N/A
N/A, N/A, 2025-07-02T00:49:22, 2025-07-02T00:51:46, sol, 1, sg042, 1, 0, N/A, 48, N/A, fileio, performance, prod, 1, sg042, 1, N/A, 0, 24, N/A, 1, 24, 1000, 0, 5000, 0, 0, 0, 0, 0, 0, 0, 0, N/A, 0.002, 500000, 143.936, 600.269, N/A
N/A, N/A, 2025-03-20T05:25:38, 2025-03-20T05:29:26, sol, 1, sg008, 1, 0, N/A, 48, N/A, fileio, performance, prod, 1, sg008, 1, N/A, 0, 24, N/A, 1, 24, 1000, 0, 500, 0, 0, 0, 0, 0, 0, 0, 0, N/A, 0.002, 500000, 227.748, 379.367, N/A
N/A, N/A, 2025-03-20T05:21:50, 2025-03-20T05:25:33, sol, 1, sg008, 1, 0, N/A, 48, N/A, fileio, performance, prod, 1, sg008, 1, N/A, 0, 24, N/A, 1, 24, 1000, 0, 500, 0, 0, 0, 0, 0, 0, 0, 0, N/A, 0.002, 500000, 223.049, 387.359, N/A
N/A, N/A, 2025-03-20T05:18:00, 2025-03-20T05:21:46, sol, 1, sg008, 1, 0, N/A, 48, N/A, fileio, performance, prod, 1, sg008, 1, N/A, 0, 24, N/A, 1, 24, 1000, 0, 500, 0, 0, 0, 0, 0, 0, 0, 0, N/A, 0.002, 500000, 226.277, 381.834, N/A
N/A, N/A, 2025-03-20T05:10:46, 2025-03-20T05:14:33, sol, 1, sg008, 1, 0, N/A, 48, N/A, fileio, performance, prod, 1, sg008, 1, N/A, 0, 24, N/A, 1, 24, 1000, 0, 500, 0, 0, 0, 0, 0, 0, 0, 0, N/A, 0.002, 500000, 227.224, 380.243, N/A
N/A, N/A, 2025-03-20T05:14:37, 2025-03-20T05:17:55, sol, 1, sg008, 1, 0, N/A, 48, N/A, fileio, performance, prod, 1, sg008, 1, N/A, 0, 24, N/A, 1, 24, 1000, 0, 500, 0, 0, 0, 0, 0, 0, 0, 0, N/A, 0.002, 500000, 198.030, 436.298, N/A
N/A, N/A, 2025-07-02T01:14:07, 2025-07-02T01:16:31, sol, 1, sg042, 1, 0, N/A, 48, N/A, fileio, performance, prod, 1, sg042, 1, N/A, 0, 24, N/A, 1, 24, 1000, 0, 50000, 0, 0, 0, 0, 0, 0, 0, 0, N/A, 0.002, 500000, 144.257, 598.933, N/A
N/A, N/A, 2025-07-02T01:11:34, 2025-07-02T01:14:03, sol, 1, sg042, 1, 0, N/A, 48, N/A, fileio, performance, prod, 1, sg042, 1, N/A, 0, 24, N/A, 1, 24, 1000, 0, 50000, 0, 0, 0, 0, 0, 0, 0, 0, N/A, 0.002, 500000, 148.418, 582.141, N/A
N/A, N/A, 2025-07-02T01:09:02, 2025-07-02T01:11:29, sol, 1, sg042, 1, 0, N/A, 48, N/A, fileio, performance, prod, 1, sg042, 1, N/A, 0, 24, N/A, 1, 24, 1000, 0, 50000, 0, 0, 0, 0, 0, 0, 0, 0, N/A, 0.002, 500000, 146.714, 588.902, N/A
N/A, N/A, 2025-07-02T01:03:57, 2025-07-02T01:06:26, sol, 1, sg042, 1, 0, N/A, 48, N/A, fileio, performance, prod, 1, sg042, 1, N/A, 0, 24, N/A, 1, 24, 1000, 0, 50000, 0, 0, 0, 0, 0, 0, 0, 0, N/A, 0.002, 500000, 148.600, 581.426, N/A
N/A, N/A, 2025-07-02T01:06:30, 2025-07-02T01:08:58, sol, 1, sg042, 1, 0, N/A, 48, N/A, fileio, performance, prod, 1, sg042, 1, N/A, 0, 24, N/A, 1, 24, 1000, 0, 50000, 0, 0, 0, 0, 0, 0, 0, 0, N/A, 0.002, 500000, 147.391, 586.198, N/A
N/A, N/A, 2025-03-18T09:38:24, 2025-03-18T09:53:53, sol, 1, sg047, 1, 0, N/A, 48, N/A, vanilla, optimization, prod, 1, sg047, 1, N/A, 0, 48, N/A, 8, 6, 1000, 0, 50000, 0, 0, 0, 0, 0, 0, 0, 0, N/A, 0.002, 500000, 928.692, 93.034, N/A
N/A, N/A, 2025-03-18T09:06:28, 2025-03-18T09:15:14, sol, 1, sg047, 1, 0, N/A, 48, N/A, vanilla, optimization, prod, 1, sg047, 1, N/A, 0, 48, N/A, 3, 16, 1000, 0, 50000, 0, 0, 0, 0, 0, 0, 0, 0, N/A, 0.002, 500000, 526.201, 164.196, N/A
N/A, N/A, 2025-03-16T12:30:05, 2025-03-16T12:42:19, sol, 1, sg004, 1, 0, N/A, 48, N/A, vanilla, optimization, prod, 1, sg004, 1, N/A, 0, 36, N/A, 9, 4, 1000, 0, 50000, 0, 0, 0, 0, 0, 0, 0, 0, N/A, 0.002, 500000, 733.809, 117.742, N/A
N/A, N/A, 2025-03-18T09:24:17, 2025-03-18T09:38:20, sol, 1, sg047, 1, 0, N/A, 48, N/A, vanilla, optimization, prod, 1, sg047, 1, N/A, 0, 48, N/A, 6, 8, 1000, 0, 50000, 0, 0, 0, 0, 0, 0, 0, 0, N/A, 0.002, 500000, 841.353, 102.692, N/A
N/A, N/A, 2025-03-16T11:45:18, 2025-03-16T11:56:06, sol, 1, sg004, 1, 0, N/A, 48, N/A, vanilla, optimization, prod, 1, sg004, 1, N/A, 0, 36, N/A, 2, 18, 1000, 0, 50000, 0, 0, 0, 0, 0, 0, 0, 0, N/A, 0.002, 500000, 647.113, 133.516, N/A
N/A, N/A, 2025-03-16T12:42:24, 2025-03-16T12:56:14, sol, 1, sg004, 1, 0, N/A, 48, N/A, vanilla, optimization, prod, 1, sg004, 1, N/A, 0, 36, N/A, 12, 3, 1000, 0, 50000, 0, 0, 0, 0, 0, 0, 0, 0, N/A, 0.002, 500000, 830.307, 104.058, N/A
N/A, N/A, 2025-03-18T08:48:41, 2025-03-18T08:52:50, sol, 1, sg047, 1, 0, N/A, 48, N/A, vanilla, optimization, prod, 1, sg047, 1, N/A, 0, 48, N/A, 1, 48, 1000, 0, 50000, 0, 0, 0, 0, 0, 0, 0, 0, N/A, 0.002, 500000, 248.761, 347.322, N/A
N/A, N/A, 2025-03-13T17:39:12, 2025-03-13T17:41:37, sol, 1, sg042, 1, 0, N/A, 48, N/A, vanilla, optimization, prod, 1, sg042, 1, N/A, 0, 24, N/A, 1, 24, 1000, 0, 50000, 0, 0, 0, 0, 0, 0, 0, 0, N/A, 0.002, 500000, 144.928, 596.158, N/A
N/A, N/A, 2025-02-25T16:58:05, 2025-02-25T17:09:25, sol, 1, sg004, 1, 0, N/A, 48, N/A, vanilla, optimization, prod, 1, sg004, 1, N/A, 0, 12, N/A, 6, 2, 1000, 0, 50000, 0, 0, 0, 0, 0, 0, 0, 0, N/A, 0.002, 500000, 679.969, 127.065, N/A
N/A, N/A, 2025-03-13T18:02:11, 2025-03-13T18:11:20, sol, 1, sg042, 1, 0, N/A, 48, N/A, vanilla, optimization, prod, 1, sg042, 1, N/A, 0, 24, N/A, 4, 6, 1000, 0, 50000, 0, 0, 0, 0, 0, 0, 0, 0, N/A, 0.002, 500000, 548.523, 157.514, N/A
N/A, N/A, 2025-02-25T16:30:40, 2025-02-25T16:46:07, sol, 1, sg004, 1, 0, N/A, 48, N/A, vanilla, optimization, prod, 1, sg004, 1, N/A, 0, 12, N/A, 3, 4, 1000, 0, 50000, 0, 0, 0, 0, 0, 0, 0, 0, N/A, 0.002, 500000, 926.796, 93.225, N/A
N/A, N/A, 2025-03-18T10:25:58, 2025-03-18T10:52:16, sol, 1, sg047, 1, 0, N/A, 48, N/A, vanilla, optimization, prod, 1, sg047, 1, N/A, 0, 48, N/A, 24, 2, 1000, 0, 0, 0, 0, 0, 0, 0, 0, 0, 0, N/A, 0.002, 500000, 1578.109, 54.749, N/A
N/A, N/A, 2025-02-25T16:15:01, 2025-02-25T16:29:57, sol, 1, sg004, 1, 0, N/A, 48, N/A, vanilla, optimization, prod, 1, sg004, 1, N/A, 0, 12, N/A, 2, 6, 1000, 0, 50000, 0, 0, 0, 0, 0, 0, 0, 0, N/A, 0.002, 500000, 895.626, 96.469, N/A
N/A, N/A, 2025-03-18T08:52:54, 2025-03-18T09:06:23, sol, 1, sg047, 1, 0, N/A, 48, N/A, vanilla, optimization, prod, 1, sg047, 1, N/A, 0, 48, N/A, 2, 24, 1000, 0, 50000, 0, 0, 0, 0, 0, 0, 0, 0, N/A, 0.002, 500000, 809.246, 106.766, N/A
N/A, N/A, 2025-03-18T09:53:57, 2025-03-18T10:06:10, sol, 1, sg047, 1, 0, N/A, 48, N/A, vanilla, optimization, prod, 1, sg047, 1, N/A, 0, 48, N/A, 12, 4, 1000, 0, 50000, 0, 0, 0, 0, 0, 0, 0, 0, N/A, 0.002, 500000, 732.867, 117.893, N/A
N/A, N/A, 2025-03-13T18:33:42, 2025-03-13T18:46:37, sol, 1, sg042, 1, 0, N/A, 48, N/A, vanilla, optimization, prod, 1, sg042, 1, N/A, 0, 24, N/A, 12, 2, 1000, 0, 50000, 0, 0, 0, 0, 0, 0, 0, 0, N/A, 0.002, 500000, 774.251, 111.592, N/A
N/A, N/A, 2025-03-16T11:42:41, 2025-03-16T11:45:14, sol, 1, sg004, 1, 0, N/A, 48, N/A, vanilla, optimization, prod, 1, sg004, 1, N/A, 0, 36, N/A, 1, 36, 1000, 0, 50000, 0, 0, 0, 0, 0, 0, 0, 0, N/A, 0.002, 500000, 153.076, 564.428, N/A
N/A, N/A, 2025-03-13T18:20:49, 2025-03-13T18:33:38, sol, 1, sg042, 1, 0, N/A, 48, N/A, vanilla, optimization, prod, 1, sg042, 1, N/A, 0, 24, N/A, 8, 3, 1000, 0, 50000, 0, 0, 0, 0, 0, 0, 0, 0, N/A, 0.002, 500000, 769.038, 112.348, N/A
N/A, N/A, 2025-03-13T17:41:41, 2025-03-13T17:51:53, sol, 1, sg042, 1, 0, N/A, 48, N/A, vanilla, optimization, prod, 1, sg042, 1, N/A, 0, 24, N/A, 2, 12, 1000, 0, 50000, 0, 0, 0, 0, 0, 0, 0, 0, N/A, 0.002, 500000, 611.590, 141.271, N/A
N/A, N/A, 2025-02-25T17:09:58, 2025-02-25T17:22:30, sol, 1, sg004, 1, 0, N/A, 48, N/A, vanilla, optimization, prod, 1, sg004, 1, N/A, 0, 48, N/A, 12, N/A, 1000, 0, 50000, 0, 0, 0, 0, 0, 0, 0, 0, N/A, 0.002, 500000, 752.095, 114.879, N/A
N/A, N/A, 2025-03-16T12:19:22, 2025-03-16T12:30:01, sol, 1, sg004, 1, 0, N/A, 48, N/A, vanilla, optimization, prod, 1, sg004, 1, N/A, 0, 36, N/A, 6, 6, 1000, 0, 50000, 0, 0, 0, 0, 0, 0, 0, 0, N/A, 0.002, 500000, 638.088, 135.405, N/A
N/A, N/A, 2025-02-24T20:07:12, 2025-02-24T20:09:35, sol, 1, sg004, 1, 0, N/A, 48, N/A, vanilla, optimization, prod, 1, sg004, 1, N/A, 0, 12, N/A, 1, 12, 1000, 0, 50000, 0, 0, 0, 0, 0, 0, 0, 0, N/A, 0.002, 500000, 143.432, 602.377, N/A
N/A, N/A, 2025-03-16T12:09:23, 2025-03-16T12:19:18, sol, 1, sg004, 1, 0, N/A, 48, N/A, vanilla, optimization, prod, 1, sg004, 1, N/A, 0, 36, N/A, 4, 9, 1000, 0, 50000, 0, 0, 0, 0, 0, 0, 0, 0, N/A, 0.002, 500000, 595.283, 145.141, N/A
N/A, N/A, 2025-03-16T13:12:15, 2025-03-16T13:35:55, sol, 1, sg004, 1, 0, N/A, 48, N/A, vanilla, optimization, prod, 1, sg004, 1, N/A, 0, 48, N/A, 36, N/A, 1000, 0, 50000, 0, 0, 0, 0, 0, 0, 0, 0, N/A, 0.002, 500000, 1418.929, 60.891, N/A
N/A, N/A, 2025-03-16T12:56:19, 2025-03-16T13:12:11, sol, 1, sg004, 1, 0, N/A, 48, N/A, vanilla, optimization, prod, 1, sg004, 1, N/A, 0, 36, N/A, 18, 2, 1000, 0, 50000, 0, 0, 0, 0, 0, 0, 0, 0, N/A, 0.002, 500000, 951.880, 90.768, N/A
N/A, N/A, 2025-03-18T10:06:15, 2025-03-18T10:25:53, sol, 1, sg047, 1, 0, N/A, 48, N/A, vanilla, optimization, prod, 1, sg047, 1, N/A, 0, 48, N/A, 16, 3, 1000, 0, 50000, 0, 0, 0, 0, 0, 0, 0, 0, N/A, 0.002, 500000, 1178.369, 73.322, N/A
N/A, N/A, 2025-03-18T10:52:21, 2025-03-18T11:43:22, sol, 1, sg047, 1, 0, N/A, 48, N/A, vanilla, optimization, prod, 1, sg047, 1, N/A, 0, 48, N/A, 48, N/A, 1000, 0, 0, 0, 0, 0, 0, 0, 0, 0, 0, N/A, 0.002, 500000, 3061.108, 28.225, N/A
N/A, N/A, 2025-03-18T09:15:18, 2025-03-18T09:24:12, sol, 1, sg047, 1, 0, N/A, 48, N/A, vanilla, optimization, prod, 1, sg047, 1, N/A, 0, 48, N/A, 4, 12, 1000, 0, 50000, 0, 0, 0, 0, 0, 0, 0, 0, N/A, 0.002, 500000, 533.849, 161.844, N/A
N/A, N/A, 2025-03-13T17:51:57, 2025-03-13T18:02:07, sol, 1, sg042, 1, 0, N/A, 48, N/A, vanilla, optimization, prod, 1, sg042, 1, N/A, 0, 24, N/A, 3, 8, 1000, 0, 50000, 0, 0, 0, 0, 0, 0, 0, 0, N/A, 0.002, 500000, 609.530, 141.749, N/A
N/A, N/A, 2025-03-16T11:56:10, 2025-03-16T12:09:18, sol, 1, sg004, 1, 0, N/A, 48, N/A, vanilla, optimization, prod, 1, sg004, 1, N/A, 0, 36, N/A, 3, 12, 1000, 0, 50000, 0, 0, 0, 0, 0, 0, 0, 0, N/A, 0.002, 500000, 787.790, 109.674, N/A
N/A, N/A, 2025-03-13T18:46:41, 2025-03-13T19:03:50, sol, 1, sg042, 1, 0, N/A, 48, N/A, vanilla, optimization, prod, 1, sg042, 1, N/A, 0, 48, N/A, 24, N/A, 1000, 0, 50000, 0, 0, 0, 0, 0, 0, 0, 0, N/A, 0.002, 500000, 1028.839, 83.978, N/A
N/A, N/A, 2025-03-13T18:11:24, 2025-03-13T18:20:45, sol, 1, sg042, 1, 0, N/A, 48, N/A, vanilla, optimization, prod, 1, sg042, 1, N/A, 0, 24, N/A, 6, 4, 1000, 0, 50000, 0, 0, 0, 0, 0, 0, 0, 0, N/A, 0.002, 500000, 560.324, 154.197, N/A
N/A, N/A, 2025-02-25T16:46:35, 2025-02-25T16:57:43, sol, 1, sg004, 1, 0, N/A, 48, N/A, vanilla, optimization, prod, 1, sg004, 1, N/A, 0, 12, N/A, 4, 3, 1000, 0, 50000, 0, 0, 0, 0, 0, 0, 0, 0, N/A, 0.002, 500000, 667.729, 129.394, N/A
N/A, N/A, 2025-03-19T20:58:25, 2025-03-19T21:00:45, sol, 1, sg024, 1, 0, N/A, 48, N/A, vanilla, performance, prod, 1, sg024, 1, N/A, 0, 24, N/A, 1, 24, 1000, 0, 0, 0, 0, 0, 0, 0, 0, 0, 0, N/A, 0.002, 500000, 139.907, 617.555, N/A
N/A, N/A, 2025-03-19T20:55:57, 2025-03-19T20:58:20, sol, 1, sg024, 1, 0, N/A, 48, N/A, vanilla, performance, prod, 1, sg024, 1, N/A, 0, 24, N/A, 1, 24, 1000, 0, 0, 0, 0, 0, 0, 0, 0, 0, 0, N/A, 0.002, 500000, 142.754, 605.236, N/A
N/A, N/A, 2025-03-19T21:05:43, 2025-03-19T21:08:06, sol, 1, sg024, 1, 0, N/A, 48, N/A, vanilla, performance, prod, 1, sg024, 1, N/A, 0, 24, N/A, 1, 24, 1000, 0, 0, 0, 0, 0, 0, 0, 0, 0, 0, N/A, 0.002, 500000, 142.925, 604.515, N/A
N/A, N/A, 2025-03-19T21:03:17, 2025-03-19T21:05:38, sol, 1, sg024, 1, 0, N/A, 48, N/A, vanilla, performance, prod, 1, sg024, 1, N/A, 0, 24, N/A, 1, 24, 1000, 0, 0, 0, 0, 0, 0, 0, 0, 0, 0, N/A, 0.002, 500000, 141.489, 610.650, N/A
N/A, N/A, 2025-03-19T21:00:49, 2025-03-19T21:03:12, sol, 1, sg024, 1, 0, N/A, 48, N/A, vanilla, performance, prod, 1, sg024, 1, N/A, 0, 24, N/A, 1, 24, 1000, 0, 0, 0, 0, 0, 0, 0, 0, 0, 0, N/A, 0.002, 500000, 142.843, 604.861, N/A
N/A, N/A, 2025-07-15T19:28:04, 2025-07-15T19:38:08, sol, 1, sg003, 1, 0, N/A, 48, N/A, fileio-3, performance, prod, 1, sg003, 1, N/A, 0, 24, N/A, 1, 24, 1000, 0, 8, 8, 8, 0, 0, 0, 0, 0, 0, N/A, 0.002, 500000, 604.129, 143.016, N/A
N/A, N/A, 2025-07-15T19:07:44, 2025-07-15T19:17:45, sol, 1, sg003, 1, 0, N/A, 48, N/A, fileio-3, performance, prod, 1, sg003, 1, N/A, 0, 24, N/A, 1, 24, 1000, 0, 8, 8, 8, 0, 0, 0, 0, 0, 0, N/A, 0.002, 500000, 599.980, 144.005, N/A
N/A, N/A, 2025-07-15T19:17:51, 2025-07-15T19:27:58, sol, 1, sg003, 1, 0, N/A, 48, N/A, fileio-3, performance, prod, 1, sg003, 1, N/A, 0, 24, N/A, 1, 24, 1000, 0, 8, 8, 8, 0, 0, 0, 0, 0, 0, N/A, 0.002, 500000, 607.395, 142.247, N/A
N/A, N/A, 2025-07-15T18:57:52, 2025-07-15T19:07:38, sol, 1, sg003, 1, 0, N/A, 48, N/A, fileio-3, performance, prod, 1, sg003, 1, N/A, 0, 24, N/A, 1, 24, 1000, 0, 8, 8, 8, 0, 0, 0, 0, 0, 0, N/A, 0.002, 500000, 585.224, 147.636, N/A
N/A, N/A, 2025-07-15T18:47:57, 2025-07-15T18:57:44, sol, 1, sg003, 1, 0, N/A, 48, N/A, fileio-3, performance, prod, 1, sg003, 1, N/A, 0, 24, N/A, 1, 24, 1000, 0, 8, 8, 8, 0, 0, 0, 0, 0, 0, N/A, 0.002, 500000, 586.665, 147.273, N/A
N/A, N/A, 2025-07-15T20:48:24, 2025-07-15T20:50:54, sol, 1, sg003, 1, 0, N/A, 48, N/A, fileio-3, performance, prod, 1, sg003, 1, N/A, 0, 24, N/A, 1, 24, 1000, 0, 50000, 50000, 50000, 0, 0, 0, 0, 0, 0, N/A, 0.002, 500000, 150.276, 574.943, N/A
N/A, N/A, 2025-07-15T20:45:50, 2025-07-15T20:48:19, sol, 1, sg003, 1, 0, N/A, 48, N/A, fileio-3, performance, prod, 1, sg003, 1, N/A, 0, 24, N/A, 1, 24, 1000, 0, 50000, 50000, 50000, 0, 0, 0, 0, 0, 0, N/A, 0.002, 500000, 149.225, 578.992, N/A
N/A, N/A, 2025-07-15T20:43:12, 2025-07-15T20:45:45, sol, 1, sg003, 1, 0, N/A, 48, N/A, fileio-3, performance, prod, 1, sg003, 1, N/A, 0, 24, N/A, 1, 24, 1000, 0, 50000, 50000, 50000, 0, 0, 0, 0, 0, 0, N/A, 0.002, 500000, 153.402, 563.229, N/A
N/A, N/A, 2025-07-15T20:40:29, 2025-07-15T20:43:08, sol, 1, sg003, 1, 0, N/A, 48, N/A, fileio-3, performance, prod, 1, sg003, 1, N/A, 0, 24, N/A, 1, 24, 1000, 0, 50000, 50000, 50000, 0, 0, 0, 0, 0, 0, N/A, 0.002, 500000, 157.998, 546.845, N/A
N/A, N/A, 2025-07-15T20:37:48, 2025-07-15T20:40:24, sol, 1, sg003, 1, 0, N/A, 48, N/A, fileio-3, performance, prod, 1, sg003, 1, N/A, 0, 24, N/A, 1, 24, 1000, 0, 50000, 50000, 50000, 0, 0, 0, 0, 0, 0, N/A, 0.002, 500000, 155.661, 555.052, N/A
N/A, N/A, 2025-07-15T19:56:23, 2025-07-15T20:00:47, sol, 1, sg003, 1, 0, N/A, 48, N/A, fileio-3, performance, prod, 1, sg003, 1, N/A, 0, 24, N/A, 1, 24, 1000, 0, 50, 50, 50, 0, 0, 0, 0, 0, 0, N/A, 0.002, 500000, 263.622, 327.742, N/A
N/A, N/A, 2025-07-15T19:47:23, 2025-07-15T19:51:46, sol, 1, sg003, 1, 0, N/A, 48, N/A, fileio-3, performance, prod, 1, sg003, 1, N/A, 0, 24, N/A, 1, 24, 1000, 0, 50, 50, 50, 0, 0, 0, 0, 0, 0, N/A, 0.002, 500000, 262.850, 328.705, N/A
N/A, N/A, 2025-07-15T19:51:51, 2025-07-15T19:56:18, sol, 1, sg003, 1, 0, N/A, 48, N/A, fileio-3, performance, prod, 1, sg003, 1, N/A, 0, 24, N/A, 1, 24, 1000, 0, 50, 50, 50, 0, 0, 0, 0, 0, 0, N/A, 0.002, 500000, 267.719, 322.727, N/A
N/A, N/A, 2025-07-15T19:42:52, 2025-07-15T19:47:19, sol, 1, sg003, 1, 0, N/A, 48, N/A, fileio-3, performance, prod, 1, sg003, 1, N/A, 0, 24, N/A, 1, 24, 1000, 0, 50, 50, 50, 0, 0, 0, 0, 0, 0, N/A, 0.002, 500000, 266.535, 324.161, N/A
N/A, N/A, 2025-07-15T19:38:17, 2025-07-15T19:42:46, sol, 1, sg003, 1, 0, N/A, 48, N/A, fileio-3, performance, prod, 1, sg003, 1, N/A, 0, 24, N/A, 1, 24, 1000, 0, 50, 50, 50, 0, 0, 0, 0, 0, 0, N/A, 0.002, 500000, 269.085, 321.089, N/A
N/A, N/A, 2025-07-15T20:26:59, 2025-07-15T20:30:28, sol, 1, sg003, 1, 0, N/A, 48, N/A, fileio-3, performance, prod, 1, sg003, 1, N/A, 0, 24, N/A, 1, 24, 1000, 0, 5000, 5000, 5000, 0, 0, 0, 0, 0, 0, N/A, 0.002, 500000, 208.384, 414.619, N/A
N/A, N/A, 2025-07-15T20:30:32, 2025-07-15T20:33:46, sol, 1, sg003, 1, 0, N/A, 48, N/A, fileio-3, performance, prod, 1, sg003, 1, N/A, 0, 24, N/A, 1, 24, 1000, 0, 5000, 5000, 5000, 0, 0, 0, 0, 0, 0, N/A, 0.002, 500000, 193.695, 446.063, N/A
N/A, N/A, 2025-07-15T20:33:50, 2025-07-15T20:37:44, sol, 1, sg003, 1, 0, N/A, 48, N/A, fileio-3, performance, prod, 1, sg003, 1, N/A, 0, 24, N/A, 1, 24, 1000, 0, 5000, 5000, 5000, 0, 0, 0, 0, 0, 0, N/A, 0.002, 500000, 233.280, 370.371, N/A
N/A, N/A, 2025-07-15T20:23:52, 2025-07-15T20:26:55, sol, 1, sg003, 1, 0, N/A, 48, N/A, fileio-3, performance, prod, 1, sg003, 1, N/A, 0, 24, N/A, 1, 24, 1000, 0, 5000, 5000, 5000, 0, 0, 0, 0, 0, 0, N/A, 0.002, 500000, 182.136, 474.371, N/A
N/A, N/A, 2025-07-15T20:20:15, 2025-07-15T20:23:46, sol, 1, sg003, 1, 0, N/A, 48, N/A, fileio-3, performance, prod, 1, sg003, 1, N/A, 0, 24, N/A, 1, 24, 1000, 0, 5000, 5000, 5000, 0, 0, 0, 0, 0, 0, N/A, 0.002, 500000, 210.546, 410.362, N/A
N/A, N/A, 2025-07-15T18:33:59, 2025-07-15T18:47:49, sol, 1, sg003, 1, 0, N/A, 48, N/A, fileio-3, performance, prod, 1, sg003, 1, N/A, 0, 24, N/A, 1, 24, 1000, 0, 5, 5, 5, 0, 0, 0, 0, 0, 0, N/A, 0.002, 500000, 830.712, 104.007, N/A
N/A, N/A, 2025-07-15T18:19:55, 2025-07-15T18:33:50, sol, 1, sg003, 1, 0, N/A, 48, N/A, fileio-3, performance, prod, 1, sg003, 1, N/A, 0, 24, N/A, 1, 24, 1000, 0, 5, 5, 5, 0, 0, 0, 0, 0, 0, N/A, 0.002, 500000, 834.982, 103.476, N/A
N/A, N/A, 2025-07-15T18:06:11, 2025-07-15T18:19:46, sol, 1, sg003, 1, 0, N/A, 48, N/A, fileio-3, performance, prod, 1, sg003, 1, N/A, 0, 24, N/A, 1, 24, 1000, 0, 5, 5, 5, 0, 0, 0, 0, 0, 0, N/A, 0.002, 500000, 814.644, 106.059, N/A
N/A, N/A, 2025-07-15T17:52:12, 2025-07-15T18:06:01, sol, 1, sg003, 1, 0, N/A, 48, N/A, fileio-3, performance, prod, 1, sg003, 1, N/A, 0, 24, N/A, 1, 24, 1000, 0, 5, 5, 5, 0, 0, 0, 0, 0, 0, N/A, 0.002, 500000, 829.144, 104.204, N/A
N/A, N/A, 2025-07-15T17:38:29, 2025-07-15T17:52:05, sol, 1, sg003, 1, 0, N/A, 48, N/A, fileio-3, performance, prod, 1, sg003, 1, N/A, 0, 24, N/A, 1, 24, 1000, 0, 5, 5, 5, 0, 0, 0, 0, 0, 0, N/A, 0.002, 500000, 815.550, 105.941, N/A
N/A, N/A, 2025-07-15T20:08:01, 2025-07-15T20:12:09, sol, 1, sg003, 1, 0, N/A, 48, N/A, fileio-3, performance, prod, 1, sg003, 1, N/A, 0, 24, N/A, 1, 24, 1000, 0, 500, 500, 500, 0, 0, 0, 0, 0, 0, N/A, 0.002, 500000, 248.142, 348.189, N/A
N/A, N/A, 2025-07-15T20:16:13, 2025-07-15T20:20:10, sol, 1, sg003, 1, 0, N/A, 48, N/A, fileio-3, performance, prod, 1, sg003, 1, N/A, 0, 24, N/A, 1, 24, 1000, 0, 500, 500, 500, 0, 0, 0, 0, 0, 0, N/A, 0.002, 500000, 237.118, 364.376, N/A
N/A, N/A, 2025-07-15T20:12:14, 2025-07-15T20:16:09, sol, 1, sg003, 1, 0, N/A, 48, N/A, fileio-3, performance, prod, 1, sg003, 1, N/A, 0, 24, N/A, 1, 24, 1000, 0, 500, 500, 500, 0, 0, 0, 0, 0, 0, N/A, 0.002, 500000, 234.931, 367.768, N/A
N/A, N/A, 2025-07-15T20:00:52, 2025-07-15T20:04:26, sol, 1, sg003, 1, 0, N/A, 48, N/A, fileio-3, performance, prod, 1, sg003, 1, N/A, 0, 24, N/A, 1, 24, 1000, 0, 500, 500, 500, 0, 0, 0, 0, 0, 0, N/A, 0.002, 500000, 213.810, 404.098, N/A
N/A, N/A, 2025-07-15T20:04:31, 2025-07-15T20:07:57, sol, 1, sg003, 1, 0, N/A, 48, N/A, fileio-3, performance, prod, 1, sg003, 1, N/A, 0, 24, N/A, 1, 24, 1000, 0, 500, 500, 500, 0, 0, 0, 0, 0, 0, N/A, 0.002, 500000, 205.506, 420.427, N/A
N/A, N/A, 2025-07-15T16:44:35, 2025-07-15T17:38:21, sol, 1, sg003, 1, 0, N/A, 48, N/A, fileio-3, performance, prod, 1, sg003, 1, N/A, 0, 24, N/A, 1, 24, 1000, 0, 1, 1, 1, 0, 0, 0, 0, 0, 0, N/A, 0.002, 500000, 3225.834, 26.784, N/A
N/A, N/A, 2025-07-15T14:56:13, 2025-07-15T15:49:12, sol, 1, sg003, 1, 0, N/A, 48, N/A, fileio-3, performance, prod, 1, sg003, 1, N/A, 0, 24, N/A, 1, 24, 1000, 0, 1, 1, 1, 0, 0, 0, 0, 0, 0, N/A, 0.002, 500000, 3178.359, 27.184, N/A
N/A, N/A, 2025-07-15T14:03:02, 2025-07-15T14:56:05, sol, 1, sg003, 1, 0, N/A, 48, N/A, fileio-3, performance, prod, 1, sg003, 1, N/A, 0, 24, N/A, 1, 24, 1000, 0, 1, 1, 1, 0, 0, 0, 0, 0, 0, N/A, 0.002, 500000, 3182.961, 27.145, N/A
N/A, N/A, 2025-07-15T13:10:27, 2025-07-15T14:02:53, sol, 1, sg003, 1, 0, N/A, 48, N/A, fileio-3, performance, prod, 1, sg003, 1, N/A, 0, 24, N/A, 1, 24, 1000, 0, 1, 1, 1, 0, 0, 0, 0, 0, 0, N/A, 0.002, 500000, 3146.057, 27.463, N/A
N/A, N/A, 2025-07-15T15:49:19, 2025-07-15T16:44:26, sol, 1, sg003, 1, 0, N/A, 48, N/A, fileio-3, performance, prod, 1, sg003, 1, N/A, 0, 24, N/A, 1, 24, 1000, 0, 1, 1, 1, 0, 0, 0, 0, 0, 0, N/A, 0.002, 500000, 3306.684, 26.129, N/A
N/A, N/A, 2025-07-15T11:49:42, 2025-07-15T11:54:45, sol, 1, sg003, 1, 0, N/A, 48, N/A, fileio-xtc, performance, prod, 1, sg003, 1, N/A, 0, 24, N/A, 1, 24, 1000, 0, 5, 0, 0, 0, 0, 0, 0, 0, 0, N/A, 0.002, 500000, 303.272, 284.893, N/A
N/A, N/A, 2025-07-15T11:44:49, 2025-07-15T11:49:37, sol, 1, sg003, 1, 0, N/A, 48, N/A, fileio-xtc, performance, prod, 1, sg003, 1, N/A, 0, 24, N/A, 1, 24, 1000, 0, 5, 0, 0, 0, 0, 0, 0, 0, 0, N/A, 0.002, 500000, 288.111, 299.885, N/A
N/A, N/A, 2025-07-15T11:40:00, 2025-07-15T11:44:45, sol, 1, sg003, 1, 0, N/A, 48, N/A, fileio-xtc, performance, prod, 1, sg003, 1, N/A, 0, 24, N/A, 1, 24, 1000, 0, 5, 0, 0, 0, 0, 0, 0, 0, 0, N/A, 0.002, 500000, 284.840, 303.329, N/A
N/A, N/A, 2025-07-15T11:35:08, 2025-07-15T11:39:55, sol, 1, sg003, 1, 0, N/A, 48, N/A, fileio-xtc, performance, prod, 1, sg003, 1, N/A, 0, 24, N/A, 1, 24, 1000, 0, 5, 0, 0, 0, 0, 0, 0, 0, 0, N/A, 0.002, 500000, 286.892, 301.159, N/A
N/A, N/A, 2025-07-15T11:30:16, 2025-07-15T11:35:04, sol, 1, sg003, 1, 0, N/A, 48, N/A, fileio-xtc, performance, prod, 1, sg003, 1, N/A, 0, 24, N/A, 1, 24, 1000, 0, 5, 0, 0, 0, 0, 0, 0, 0, 0, N/A, 0.002, 500000, 287.960, 300.042, N/A
N/A, N/A, 2025-07-15T13:02:50, 2025-07-15T13:05:28, sol, 1, sg003, 1, 0, N/A, 48, N/A, fileio-xtc, performance, prod, 1, sg003, 1, N/A, 0, 24, N/A, 1, 24, 1000, 0, 50000, 0, 0, 0, 0, 0, 0, 0, 0, N/A, 0.002, 500000, 157.799, 547.532, N/A
N/A, N/A, 2025-07-15T12:57:30, 2025-07-15T13:00:07, sol, 1, sg003, 1, 0, N/A, 48, N/A, fileio-xtc, performance, prod, 1, sg003, 1, N/A, 0, 24, N/A, 1, 24, 1000, 0, 50000, 0, 0, 0, 0, 0, 0, 0, 0, N/A, 0.002, 500000, 157.290, 549.304, N/A
N/A, N/A, 2025-07-15T12:55:02, 2025-07-15T12:57:24, sol, 1, sg003, 1, 0, N/A, 48, N/A, fileio-xtc, performance, prod, 1, sg003, 1, N/A, 0, 24, N/A, 1, 24, 1000, 0, 50000, 0, 0, 0, 0, 0, 0, 0, 0, N/A, 0.002, 500000, 141.865, 609.030, N/A
N/A, N/A, 2025-07-15T13:05:32, 2025-07-15T13:07:55, sol, 1, sg003, 1, 0, N/A, 48, N/A, fileio-xtc, performance, prod, 1, sg003, 1, N/A, 0, 24, N/A, 1, 24, 1000, 0, 50000, 0, 0, 0, 0, 0, 0, 0, 0, N/A, 0.002, 500000, 142.838, 604.883, N/A
N/A, N/A, 2025-07-15T13:00:12, 2025-07-15T13:02:45, sol, 1, sg003, 1, 0, N/A, 48, N/A, fileio-xtc, performance, prod, 1, sg003, 1, N/A, 0, 24, N/A, 1, 24, 1000, 0, 50000, 0, 0, 0, 0, 0, 0, 0, 0, N/A, 0.002, 500000, 153.458, 563.020, N/A
N/A, N/A, 2025-07-15T12:39:36, 2025-07-15T12:42:02, sol, 1, sg003, 1, 0, N/A, 48, N/A, fileio-xtc, performance, prod, 1, sg003, 1, N/A, 0, 24, N/A, 1, 24, 1000, 0, 500, 0, 0, 0, 0, 0, 0, 0, 0, N/A, 0.002, 500000, 146.608, 589.328, N/A
N/A, N/A, 2025-07-15T12:31:47, 2025-07-15T12:34:20, sol, 1, sg003, 1, 0, N/A, 48, N/A, fileio-xtc, performance, prod, 1, sg003, 1, N/A, 0, 24, N/A, 1, 24, 1000, 0, 500, 0, 0, 0, 0, 0, 0, 0, 0, N/A, 0.002, 500000, 152.231, 567.561, N/A
N/A, N/A, 2025-07-15T12:36:59, 2025-07-15T12:39:31, sol, 1, sg003, 1, 0, N/A, 48, N/A, fileio-xtc, performance, prod, 1, sg003, 1, N/A, 0, 24, N/A, 1, 24, 1000, 0, 500, 0, 0, 0, 0, 0, 0, 0, 0, N/A, 0.002, 500000, 152.344, 567.137, N/A
N/A, N/A, 2025-07-15T12:34:24, 2025-07-15T12:36:55, sol, 1, sg003, 1, 0, N/A, 48, N/A, fileio-xtc, performance, prod, 1, sg003, 1, N/A, 0, 24, N/A, 1, 24, 1000, 0, 500, 0, 0, 0, 0, 0, 0, 0, 0, N/A, 0.002, 500000, 150.474, 574.185, N/A
N/A, N/A, 2025-07-15T12:29:15, 2025-07-15T12:31:43, sol, 1, sg003, 1, 0, N/A, 48, N/A, fileio-xtc, performance, prod, 1, sg003, 1, N/A, 0, 24, N/A, 1, 24, 1000, 0, 500, 0, 0, 0, 0, 0, 0, 0, 0, N/A, 0.002, 500000, 148.020, 583.707, N/A
N/A, N/A, 2025-07-15T11:07:23, 2025-07-15T11:18:51, sol, 1, sg003, 1, 0, N/A, 48, N/A, fileio-xtc, performance, prod, 1, sg003, 1, N/A, 0, 24, N/A, 1, 24, 1000, 0, 1, 0, 0, 0, 0, 0, 0, 0, 0, N/A, 0.002, 500000, 687.554, 125.663, N/A
N/A, N/A, 2025-07-15T10:56:21, 2025-07-15T11:07:19, sol, 1, sg003, 1, 0, N/A, 48, N/A, fileio-xtc, performance, prod, 1, sg003, 1, N/A, 0, 24, N/A, 1, 24, 1000, 0, 1, 0, 0, 0, 0, 0, 0, 0, 0, N/A, 0.002, 500000, 657.319, 131.443, N/A
N/A, N/A, 2025-07-15T10:33:55, 2025-07-15T10:44:42, sol, 1, sg003, 1, 0, N/A, 48, N/A, fileio-xtc, performance, prod, 1, sg003, 1, N/A, 0, 24, N/A, 1, 24, 1000, 0, 1, 0, 0, 0, 0, 0, 0, 0, 0, N/A, 0.002, 500000, 647.566, 133.423, N/A
N/A, N/A, 2025-07-15T11:18:56, 2025-07-15T11:30:11, sol, 1, sg003, 1, 0, N/A, 48, N/A, fileio-xtc, performance, prod, 1, sg003, 1, N/A, 0, 24, N/A, 1, 24, 1000, 0, 1, 0, 0, 0, 0, 0, 0, 0, 0, N/A, 0.002, 500000, 675.588, 127.889, N/A
N/A, N/A, 2025-07-15T10:44:47, 2025-07-15T10:56:17, sol, 1, sg003, 1, 0, N/A, 48, N/A, fileio-xtc, performance, prod, 1, sg003, 1, N/A, 0, 24, N/A, 1, 24, 1000, 0, 1, 0, 0, 0, 0, 0, 0, 0, 0, N/A, 0.002, 500000, 689.891, 125.237, N/A
N/A, N/A, 2025-07-15T12:06:18, 2025-07-15T12:10:51, sol, 1, sg003, 1, 0, N/A, 48, N/A, fileio-xtc, performance, prod, 1, sg003, 1, N/A, 0, 24, N/A, 1, 24, 1000, 0, 8, 0, 0, 0, 0, 0, 0, 0, 0, N/A, 0.002, 500000, 273.567, 315.829, N/A
N/A, N/A, 2025-07-15T12:02:14, 2025-07-15T12:06:13, sol, 1, sg003, 1, 0, N/A, 48, N/A, fileio-xtc, performance, prod, 1, sg003, 1, N/A, 0, 24, N/A, 1, 24, 1000, 0, 8, 0, 0, 0, 0, 0, 0, 0, 0, N/A, 0.002, 500000, 238.675, 361.999, N/A
N/A, N/A, 2025-07-15T11:58:21, 2025-07-15T12:02:10, sol, 1, sg003, 1, 0, N/A, 48, N/A, fileio-xtc, performance, prod, 1, sg003, 1, N/A, 0, 24, N/A, 1, 24, 1000, 0, 8, 0, 0, 0, 0, 0, 0, 0, 0, N/A, 0.002, 500000, 229.005, 377.284, N/A
N/A, N/A, 2025-07-15T11:54:49, 2025-07-15T11:58:16, sol, 1, sg003, 1, 0, N/A, 48, N/A, fileio-xtc, performance, prod, 1, sg003, 1, N/A, 0, 24, N/A, 1, 24, 1000, 0, 8, 0, 0, 0, 0, 0, 0, 0, 0, N/A, 0.002, 500000, 206.908, 417.578, N/A
N/A, N/A, 2025-07-15T12:10:55, 2025-07-15T12:15:11, sol, 1, sg003, 1, 0, N/A, 48, N/A, fileio-xtc, performance, prod, 1, sg003, 1, N/A, 0, 24, N/A, 1, 24, 1000, 0, 8, 0, 0, 0, 0, 0, 0, 0, 0, N/A, 0.002, 500000, 255.651, 337.961, N/A
N/A, N/A, 2025-07-15T12:52:33, 2025-07-15T12:54:58, sol, 1, sg003, 1, 0, N/A, 48, N/A, fileio-xtc, performance, prod, 1, sg003, 1, N/A, 0, 24, N/A, 1, 24, 1000, 0, 5000, 0, 0, 0, 0, 0, 0, 0, 0, N/A, 0.002, 500000, 144.385, 598.401, N/A
N/A, N/A, 2025-07-15T12:49:57, 2025-07-15T12:52:29, sol, 1, sg003, 1, 0, N/A, 48, N/A, fileio-xtc, performance, prod, 1, sg003, 1, N/A, 0, 24, N/A, 1, 24, 1000, 0, 5000, 0, 0, 0, 0, 0, 0, 0, 0, N/A, 0.002, 500000, 152.082, 568.115, N/A
N/A, N/A, 2025-07-15T12:47:12, 2025-07-15T12:49:53, sol, 1, sg003, 1, 0, N/A, 48, N/A, fileio-xtc, performance, prod, 1, sg003, 1, N/A, 0, 24, N/A, 1, 24, 1000, 0, 5000, 0, 0, 0, 0, 0, 0, 0, 0, N/A, 0.002, 500000, 160.946, 536.826, N/A
N/A, N/A, 2025-07-15T12:44:35, 2025-07-15T12:47:07, sol, 1, sg003, 1, 0, N/A, 48, N/A, fileio-xtc, performance, prod, 1, sg003, 1, N/A, 0, 24, N/A, 1, 24, 1000, 0, 5000, 0, 0, 0, 0, 0, 0, 0, 0, N/A, 0.002, 500000, 152.375, 567.025, N/A
N/A, N/A, 2025-07-15T12:42:07, 2025-07-15T12:44:30, sol, 1, sg003, 1, 0, N/A, 48, N/A, fileio-xtc, performance, prod, 1, sg003, 1, N/A, 0, 24, N/A, 1, 24, 1000, 0, 5000, 0, 0, 0, 0, 0, 0, 0, 0, N/A, 0.002, 500000, 143.473, 602.207, N/A
N/A, N/A, 2025-07-15T12:23:36, 2025-07-15T12:26:24, sol, 1, sg003, 1, 0, N/A, 48, N/A, fileio-xtc, performance, prod, 1, sg003, 1, N/A, 0, 24, N/A, 1, 24, 1000, 0, 50, 0, 0, 0, 0, 0, 0, 0, 0, N/A, 0.002, 500000, 167.964, 514.396, N/A
N/A, N/A, 2025-07-15T12:20:53, 2025-07-15T12:23:32, sol, 1, sg003, 1, 0, N/A, 48, N/A, fileio-xtc, performance, prod, 1, sg003, 1, N/A, 0, 24, N/A, 1, 24, 1000, 0, 50, 0, 0, 0, 0, 0, 0, 0, 0, N/A, 0.002, 500000, 158.723, 544.347, N/A
N/A, N/A, 2025-07-15T12:18:02, 2025-07-15T12:20:49, sol, 1, sg003, 1, 0, N/A, 48, N/A, fileio-xtc, performance, prod, 1, sg003, 1, N/A, 0, 24, N/A, 1, 24, 1000, 0, 50, 0, 0, 0, 0, 0, 0, 0, 0, N/A, 0.002, 500000, 166.341, 519.414, N/A
N/A, N/A, 2025-07-15T12:15:16, 2025-07-15T12:17:58, sol, 1, sg003, 1, 0, N/A, 48, N/A, fileio-xtc, performance, prod, 1, sg003, 1, N/A, 0, 24, N/A, 1, 24, 1000, 0, 50, 0, 0, 0, 0, 0, 0, 0, 0, N/A, 0.002, 500000, 162.158, 532.814, N/A
N/A, N/A, 2025-07-15T12:26:29, 2025-07-15T12:29:11, sol, 1, sg003, 1, 0, N/A, 48, N/A, fileio-xtc, performance, prod, 1, sg003, 1, N/A, 0, 24, N/A, 1, 24, 1000, 0, 50, 0, 0, 0, 0, 0, 0, 0, 0, N/A, 0.002, 500000, 161.906, 533.645, N/A
N/A, N/A, 2025-07-15T12:07:50, 2025-07-15T12:10:42, sol, 1, scg011, 1, 0, N/A, 128, N/A, streaming-3, performance, prod, 1, scg011, 1, N/A, 0, 24, N/A, 1, 24, 1000, 0, 0, 0, 0, 0, 0, 0, 8, 8, 8, 0, 0.002, 500000, 172.263, 501.558, N/A
N/A, N/A, 2025-07-15T12:01:18, 2025-07-15T12:04:11, sol, 1, scg011, 1, 0, N/A, 128, N/A, streaming-3, performance, prod, 1, scg011, 1, N/A, 0, 24, N/A, 1, 24, 1000, 0, 0, 0, 0, 0, 0, 0, 8, 8, 8, 0, 0.002, 500000, 173.032, 499.331, N/A
N/A, N/A, 2025-07-15T12:14:22, 2025-07-15T12:17:12, sol, 1, scg011, 1, 0, N/A, 128, N/A, streaming-3, performance, prod, 1, scg011, 1, N/A, 0, 24, N/A, 1, 24, 1000, 0, 0, 0, 0, 0, 0, 0, 8, 8, 8, 0, 0.002, 500000, 170.601, 506.445, N/A
N/A, N/A, 2025-07-15T12:11:06, 2025-07-15T12:13:59, sol, 1, scg011, 1, 0, N/A, 128, N/A, streaming-3, performance, prod, 1, scg011, 1, N/A, 0, 24, N/A, 1, 24, 1000, 0, 0, 0, 0, 0, 0, 0, 8, 8, 8, 0, 0.002, 500000, 172.302, 501.445, N/A
N/A, N/A, 2025-07-15T12:04:35, 2025-07-15T12:07:27, sol, 1, scg011, 1, 0, N/A, 128, N/A, streaming-3, performance, prod, 1, scg011, 1, N/A, 0, 24, N/A, 1, 24, 1000, 0, 0, 0, 0, 0, 0, 0, 8, 8, 8, 0, 0.002, 500000, 171.424, 504.015, N/A
N/A, N/A, 2025-07-15T12:40:37, 2025-07-15T12:42:58, sol, 1, scg011, 1, 0, N/A, 128, N/A, streaming-3, performance, prod, 1, scg011, 1, N/A, 0, 24, N/A, 1, 24, 1000, 0, 0, 0, 0, 0, 0, 0, 500, 500, 500, 0, 0.002, 500000, 141.267, 611.610, N/A
N/A, N/A, 2025-07-15T12:35:08, 2025-07-15T12:37:29, sol, 1, scg011, 1, 0, N/A, 128, N/A, streaming-3, performance, prod, 1, scg011, 1, N/A, 0, 24, N/A, 1, 24, 1000, 0, 0, 0, 0, 0, 0, 0, 500, 500, 500, 0, 0.002, 500000, 141.784, 609.379, N/A
N/A, N/A, 2025-07-15T12:32:21, 2025-07-15T12:34:44, sol, 1, scg011, 1, 0, N/A, 128, N/A, streaming-3, performance, prod, 1, scg011, 1, N/A, 0, 24, N/A, 1, 24, 1000, 0, 0, 0, 0, 0, 0, 0, 500, 500, 500, 0, 0.002, 500000, 142.734, 605.321, N/A
N/A, N/A, 2025-07-15T12:43:21, 2025-07-15T12:45:44, sol, 1, scg011, 1, 0, N/A, 128, N/A, streaming-3, performance, prod, 1, scg011, 1, N/A, 0, 24, N/A, 1, 24, 1000, 0, 0, 0, 0, 0, 0, 0, 500, 500, 500, 0, 0.002, 500000, 141.884, 608.950, N/A
N/A, N/A, 2025-07-15T12:37:52, 2025-07-15T12:40:14, sol, 1, scg011, 1, 0, N/A, 128, N/A, streaming-3, performance, prod, 1, scg011, 1, N/A, 0, 24, N/A, 1, 24, 1000, 0, 0, 0, 0, 0, 0, 0, 500, 500, 500, 0, 0.002, 500000, 141.781, 609.392, N/A
N/A, N/A, 2025-07-15T11:57:46, 2025-07-15T12:00:54, sol, 1, scg011, 1, 0, N/A, 128, N/A, streaming-3, performance, prod, 1, scg011, 1, N/A, 0, 24, N/A, 1, 24, 1000, 0, 0, 0, 0, 0, 0, 0, 5, 5, 5, 0, 0.002, 500000, 187.040, 461.934, N/A
N/A, N/A, 2025-07-15T11:54:13, 2025-07-15T11:57:23, sol, 1, scg011, 1, 0, N/A, 128, N/A, streaming-3, performance, prod, 1, scg011, 1, N/A, 0, 24, N/A, 1, 24, 1000, 0, 0, 0, 0, 0, 0, 0, 5, 5, 5, 0, 0.002, 500000, 189.781, 455.263, N/A
N/A, N/A, 2025-07-15T11:50:40, 2025-07-15T11:53:49, sol, 1, scg011, 1, 0, N/A, 128, N/A, streaming-3, performance, prod, 1, scg011, 1, N/A, 0, 24, N/A, 1, 24, 1000, 0, 0, 0, 0, 0, 0, 0, 5, 5, 5, 0, 0.002, 500000, 189.270, 456.492, N/A
N/A, N/A, 2025-07-15T11:47:08, 2025-07-15T11:50:16, sol, 1, scg011, 1, 0, N/A, 128, N/A, streaming-3, performance, prod, 1, scg011, 1, N/A, 0, 24, N/A, 1, 24, 1000, 0, 0, 0, 0, 0, 0, 0, 5, 5, 5, 0, 0.002, 500000, 187.962, 459.667, N/A
N/A, N/A, 2025-07-15T11:43:02, 2025-07-15T11:46:44, sol, 1, scg011, 1, 0, N/A, 128, N/A, streaming-3, performance, prod, 1, scg011, 1, N/A, 0, 24, N/A, 1, 24, 1000, 0, 0, 0, 0, 0, 0, 0, 5, 5, 5, 0, 0.002, 500000, 221.895, 389.374, N/A
N/A, N/A, 2025-07-15T12:29:32, 2025-07-15T12:31:58, sol, 1, scg011, 1, 0, N/A, 128, N/A, streaming-3, performance, prod, 1, scg011, 1, N/A, 0, 24, N/A, 1, 24, 1000, 0, 0, 0, 0, 0, 0, 0, 50, 50, 50, 0, 0.002, 500000, 145.512, 593.766, N/A
N/A, N/A, 2025-07-15T12:23:49, 2025-07-15T12:26:16, sol, 1, scg011, 1, 0, N/A, 128, N/A, streaming-3, performance, prod, 1, scg011, 1, N/A, 0, 24, N/A, 1, 24, 1000, 0, 0, 0, 0, 0, 0, 0, 50, 50, 50, 0, 0.002, 500000, 147.529, 585.649, N/A
N/A, N/A, 2025-07-15T12:20:26, 2025-07-15T12:23:26, sol, 1, scg011, 1, 0, N/A, 128, N/A, streaming-3, performance, prod, 1, scg011, 1, N/A, 0, 24, N/A, 1, 24, 1000, 0, 0, 0, 0, 0, 0, 0, 50, 50, 50, 0, 0.002, 500000, 179.879, 480.324, N/A
N/A, N/A, 2025-07-15T12:17:36, 2025-07-15T12:20:02, sol, 1, scg011, 1, 0, N/A, 128, N/A, streaming-3, performance, prod, 1, scg011, 1, N/A, 0, 24, N/A, 1, 24, 1000, 0, 0, 0, 0, 0, 0, 0, 50, 50, 50, 0, 0.002, 500000, 145.258, 594.804, N/A
N/A, N/A, 2025-07-15T12:26:40, 2025-07-15T12:29:09, sol, 1, scg011, 1, 0, N/A, 128, N/A, streaming-3, performance, prod, 1, scg011, 1, N/A, 0, 24, N/A, 1, 24, 1000, 0, 0, 0, 0, 0, 0, 0, 50, 50, 50, 0, 0.002, 500000, 147.994, 583.810, N/A
N/A, N/A, 2025-07-15T11:36:22, 2025-07-15T11:42:38, sol, 1, scg011, 1, 0, N/A, 128, N/A, streaming-3, performance, prod, 1, scg011, 1, N/A, 0, 24, N/A, 1, 24, 1000, 0, 0, 0, 0, 0, 0, 0, 1, 1, 1, 0, 0.002, 500000, 375.814, 229.901, N/A
N/A, N/A, 2025-07-15T11:29:40, 2025-07-15T11:35:58, sol, 1, scg011, 1, 0, N/A, 128, N/A, streaming-3, performance, prod, 1, scg011, 1, N/A, 0, 24, N/A, 1, 24, 1000, 0, 0, 0, 0, 0, 0, 0, 1, 1, 1, 0, 0.002, 500000, 377.351, 228.965, N/A
N/A, N/A, 2025-07-15T11:23:04, 2025-07-15T11:29:16, sol, 1, scg011, 1, 0, N/A, 128, N/A, streaming-3, performance, prod, 1, scg011, 1, N/A, 0, 24, N/A, 1, 24, 1000, 0, 0, 0, 0, 0, 0, 0, 1, 1, 1, 0, 0.002, 500000, 372.628, 231.867, N/A
N/A, N/A, 2025-07-15T11:09:27, 2025-07-15T11:15:56, sol, 1, scg011, 1, 0, N/A, 128, N/A, streaming-3, performance, prod, 1, scg011, 1, N/A, 0, 24, N/A, 1, 24, 1000, 0, 0, 0, 0, 0, 0, 0, 1, 1, 1, 0, 0.002, 500000, 388.578, 222.350, N/A
N/A, N/A, 2025-07-15T11:16:19, 2025-07-15T11:22:40, sol, 1, scg011, 1, 0, N/A, 128, N/A, streaming-3, performance, prod, 1, scg011, 1, N/A, 0, 24, N/A, 1, 24, 1000, 0, 0, 0, 0, 0, 0, 0, 1, 1, 1, 0, 0.002, 500000, 380.061, 227.333, N/A
