2026-04-23T13:38:43, 2026-04-26T06:52:20, 2026-04-26T06:52:33, 2026-04-26T08:42:51, sol, 1, sg034, 1, 0, a100, 48, 0;1;2;3;4;5;6;7;8;9;10;11;12;13;14;15;16;17;18;19;20;21;22;23;24;25;26;27;28;29;30;31;32;33;34;35;36;37;38;39;40;41;42;43;44;45;46;47, fileio-3, performance, prod, 1, sg034, 1, 'NVIDIA A100-SXM4-80GB', 0, 46, N/A, 1, 45, 5000, 1, 1, 1, 1, 0, 0, 0, 0, 0, 0, N/A, 2, 500000, 6610.817383, 13.0806, 0.000301868
2026-04-23T13:38:43, 2026-04-26T06:52:20, 2026-04-26T08:42:51, 2026-04-26T10:30:04, sol, 1, sg034, 1, 0, a100, 48, 0;1;2;3;4;5;6;7;8;9;10;11;12;13;14;15;16;17;18;19;20;21;22;23;24;25;26;27;28;29;30;31;32;33;34;35;36;37;38;39;40;41;42;43;44;45;46;47, fileio-3, performance, prod, 1, sg034, 1, 'NVIDIA A100-SXM4-80GB', 0, 46, N/A, 1, 45, 5000, 1, 1, 1, 1, 0, 0, 0, 0, 0, 0, N/A, 2, 500000, 6427.795898, 13.4499, 0.000269395
2026-04-23T13:38:43, 2026-04-26T06:52:20, 2026-04-26T10:30:04, 2026-04-26T12:21:34, sol, 1, sg034, 1, 0, a100, 48, 0;1;2;3;4;5;6;7;8;9;10;11;12;13;14;15;16;17;18;19;20;21;22;23;24;25;26;27;28;29;30;31;32;33;34;35;36;37;38;39;40;41;42;43;44;45;46;47, fileio-3, performance, prod, 1, sg034, 1, 'NVIDIA A100-SXM4-80GB', 0, 46, N/A, 1, 45, 5000, 1, 1, 1, 1, 0, 0, 0, 0, 0, 0, N/A, 2, 500000, 6684.297852, 12.9314, 0.000458309
2026-04-23T13:38:43, 2026-04-26T06:52:20, 2026-04-26T12:21:35, 2026-04-26T14:09:02, sol, 1, sg034, 1, 0, a100, 48, 0;1;2;3;4;5;6;7;8;9;10;11;12;13;14;15;16;17;18;19;20;21;22;23;24;25;26;27;28;29;30;31;32;33;34;35;36;37;38;39;40;41;42;43;44;45;46;47, fileio-3, performance, prod, 1, sg034, 1, 'NVIDIA A100-SXM4-80GB', 0, 46, N/A, 1, 45, 5000, 1, 1, 1, 1, 0, 0, 0, 0, 0, 0, N/A, 2, 500000, 6441.386719, 13.4204, 0.000281316
2026-04-23T13:38:43, 2026-04-26T06:52:20, 2026-04-26T14:09:02, 2026-04-26T16:09:05, sol, 1, sg034, 1, 0, a100, 48, 0;1;2;3;4;5;6;7;8;9;10;11;12;13;14;15;16;17;18;19;20;21;22;23;24;25;26;27;28;29;30;31;32;33;34;35;36;37;38;39;40;41;42;43;44;45;46;47, fileio-3, performance, prod, 1, sg034, 1, 'NVIDIA A100-SXM4-80GB', 0, 46, N/A, 1, 45, 5000, 1, 1, 1, 1, 0, 0, 0, 0, 0, 0, N/A, 2, 500000, 7196.957031, 12.013, 0.000474672
2026-03-26T11:28:14, 2026-03-28T04:45:08, 2026-03-28T13:08:46, 2026-03-28T13:36:28, sol, 1, sg045, 1, 0, a100, 48, 0;1;2;3;4;5;6;7;8;9;10;11;12;13;14;15;16;17;18;19;20;21;22;23;24;25;26;27;28;29;30;31;32;33;34;35;36;37;38;39;40;41;42;43;44;45;46;47, fileio-3, performance, prod, 1, sg045, 1, 'NVIDIA A100-SXM4-80GB', 0, 46, N/A, 1, 45, 5000, 5, 5, 5, 5, 0, 0, 0, 0, 0, 0, N/A, 2, 500000, 1657.485718, 52.2209, 6.41588e-05
2026-03-26T11:28:14, 2026-03-28T04:45:08, 2026-03-28T13:36:29, 2026-03-28T14:05:11, sol, 1, sg045, 1, 0, a100, 48, 0;1;2;3;4;5;6;7;8;9;10;11;12;13;14;15;16;17;18;19;20;21;22;23;24;25;26;27;28;29;30;31;32;33;34;35;36;37;38;39;40;41;42;43;44;45;46;47, fileio-3, performance, prod, 1, sg045, 1, 'NVIDIA A100-SXM4-80GB', 0, 46, N/A, 1, 45, 5000, 5, 5, 5, 5, 0, 0, 0, 0, 0, 0, N/A, 2, 500000, 1718.703491, 50.3467, 6.88511e-05
2026-03-26T11:28:14, 2026-03-28T04:45:08, 2026-03-28T14:05:12, 2026-03-28T14:32:03, sol, 1, sg045, 1, 0, a100, 48, 0;1;2;3;4;5;6;7;8;9;10;11;12;13;14;15;16;17;18;19;20;21;22;23;24;25;26;27;28;29;30;31;32;33;34;35;36;37;38;39;40;41;42;43;44;45;46;47, fileio-3, performance, prod, 1, sg045, 1, 'NVIDIA A100-SXM4-80GB', 0, 46, N/A, 1, 45, 5000, 5, 5, 5, 5, 0, 0, 0, 0, 0, 0, N/A, 2, 500000, 1608.645264, 53.8381, 6.45206e-05
2026-03-26T11:28:14, 2026-03-28T04:45:08, 2026-03-28T14:32:04, 2026-03-28T14:59:11, sol, 1, sg045, 1, 0, a100, 48, 0;1;2;3;4;5;6;7;8;9;10;11;12;13;14;15;16;17;18;19;20;21;22;23;24;25;26;27;28;29;30;31;32;33;34;35;36;37;38;39;40;41;42;43;44;45;46;47, fileio-3, performance, prod, 1, sg045, 1, 'NVIDIA A100-SXM4-80GB', 0, 46, N/A, 1, 45, 5000, 5, 5, 5, 5, 0, 0, 0, 0, 0, 0, N/A, 2, 500000, 1624.068970, 53.3605, 6.6911e-05
2026-03-26T11:28:14, 2026-03-28T04:45:08, 2026-03-28T14:59:12, 2026-03-28T15:27:29, sol, 1, sg045, 1, 0, a100, 48, 0;1;2;3;4;5;6;7;8;9;10;11;12;13;14;15;16;17;18;19;20;21;22;23;24;25;26;27;28;29;30;31;32;33;34;35;36;37;38;39;40;41;42;43;44;45;46;47, fileio-3, performance, prod, 1, sg045, 1, 'NVIDIA A100-SXM4-80GB', 0, 46, N/A, 1, 45, 5000, 5, 5, 5, 5, 0, 0, 0, 0, 0, 0, N/A, 2, 500000, 1694.613647, 51.1097, 5.3748e-05
2026-03-26T11:28:14, 2026-03-28T04:45:08, 2026-03-28T08:20:06, 2026-03-28T08:30:18, sol, 1, sg045, 1, 0, a100, 48, 0;1;2;3;4;5;6;7;8;9;10;11;12;13;14;15;16;17;18;19;20;21;22;23;24;25;26;27;28;29;30;31;32;33;34;35;36;37;38;39;40;41;42;43;44;45;46;47, fileio-3, performance, prod, 1, sg045, 1, 'NVIDIA A100-SXM4-80GB', 0, 46, N/A, 1, 45, 5000, 50, 50, 50, 50, 0, 0, 0, 0, 0, 0, N/A, 2, 500000, 609.379456, 142.419, 2.67408e-05
2026-03-26T11:28:14, 2026-03-28T04:45:08, 2026-03-28T08:30:18, 2026-03-28T08:40:35, sol, 1, sg045, 1, 0, a100, 48, 0;1;2;3;4;5;6;7;8;9;10;11;12;13;14;15;16;17;18;19;20;21;22;23;24;25;26;27;28;29;30;31;32;33;34;35;36;37;38;39;40;41;42;43;44;45;46;47, fileio-3, performance, prod, 1, sg045, 1, 'NVIDIA A100-SXM4-80GB', 0, 46, N/A, 1, 45, 5000, 50, 50, 50, 50, 0, 0, 0, 0, 0, 0, N/A, 2, 500000, 613.348816, 141.421, 2.74826e-05
2026-03-26T11:28:14, 2026-03-28T04:45:08, 2026-03-28T08:40:35, 2026-03-28T08:51:02, sol, 1, sg045, 1, 0, a100, 48, 0;1;2;3;4;5;6;7;8;9;10;11;12;13;14;15;16;17;18;19;20;21;22;23;24;25;26;27;28;29;30;31;32;33;34;35;36;37;38;39;40;41;42;43;44;45;46;47, fileio-3, performance, prod, 1, sg045, 1, 'NVIDIA A100-SXM4-80GB', 0, 46, N/A, 1, 45, 5000, 50, 50, 50, 50, 0, 0, 0, 0, 0, 0, N/A, 2, 500000, 622.818359, 139.329, 2.64867e-05
2026-03-26T11:28:14, 2026-03-28T04:45:08, 2026-03-28T08:51:02, 2026-03-28T09:01:22, sol, 1, sg045, 1, 0, a100, 48, 0;1;2;3;4;5;6;7;8;9;10;11;12;13;14;15;16;17;18;19;20;21;22;23;24;25;26;27;28;29;30;31;32;33;34;35;36;37;38;39;40;41;42;43;44;45;46;47, fileio-3, performance, prod, 1, sg045, 1, 'NVIDIA A100-SXM4-80GB', 0, 46, N/A, 1, 45, 5000, 50, 50, 50, 50, 0, 0, 0, 0, 0, 0, N/A, 2, 500000, 617.148132, 140.54, 2.59764e-05
2026-03-26T11:28:14, 2026-03-28T04:45:08, 2026-03-28T09:01:22, 2026-03-28T09:11:35, sol, 1, sg045, 1, 0, a100, 48, 0;1;2;3;4;5;6;7;8;9;10;11;12;13;14;15;16;17;18;19;20;21;22;23;24;25;26;27;28;29;30;31;32;33;34;35;36;37;38;39;40;41;42;43;44;45;46;47, fileio-3, performance, prod, 1, sg045, 1, 'NVIDIA A100-SXM4-80GB', 0, 46, N/A, 1, 45, 5000, 50, 50, 50, 50, 0, 0, 0, 0, 0, 0, N/A, 2, 500000, 610.074219, 142.233, 2.69581e-05
2026-03-26T11:28:14, 2026-03-28T04:45:08, 2026-03-28T06:51:44, 2026-03-28T07:00:19, sol, 1, sg045, 1, 0, a100, 48, 0;1;2;3;4;5;6;7;8;9;10;11;12;13;14;15;16;17;18;19;20;21;22;23;24;25;26;27;28;29;30;31;32;33;34;35;36;37;38;39;40;41;42;43;44;45;46;47, fileio-3, performance, prod, 1, sg045, 1, 'NVIDIA A100-SXM4-80GB', 0, 46, N/A, 1, 45, 5000, 500, 500, 500, 500, 0, 0, 0, 0, 0, 0, N/A, 2, 500000, 510.908386, 170.105, 1.96003e-05
2026-03-26T11:28:14, 2026-03-28T04:45:08, 2026-03-28T07:00:20, 2026-03-28T07:08:53, sol, 1, sg045, 1, 0, a100, 48, 0;1;2;3;4;5;6;7;8;9;10;11;12;13;14;15;16;17;18;19;20;21;22;23;24;25;26;27;28;29;30;31;32;33;34;35;36;37;38;39;40;41;42;43;44;45;46;47, fileio-3, performance, prod, 1, sg045, 1, 'NVIDIA A100-SXM4-80GB', 0, 46, N/A, 1, 45, 5000, 500, 500, 500, 500, 0, 0, 0, 0, 0, 0, N/A, 2, 500000, 510.580048, 170.526, 2.25375e-05
2026-03-26T11:28:14, 2026-03-28T04:45:08, 2026-03-28T07:08:53, 2026-03-28T07:17:26, sol, 1, sg045, 1, 0, a100, 48, 0;1;2;3;4;5;6;7;8;9;10;11;12;13;14;15;16;17;18;19;20;21;22;23;24;25;26;27;28;29;30;31;32;33;34;35;36;37;38;39;40;41;42;43;44;45;46;47, fileio-3, performance, prod, 1, sg045, 1, 'NVIDIA A100-SXM4-80GB', 0, 46, N/A, 1, 45, 5000, 500, 500, 500, 500, 0, 0, 0, 0, 0, 0, N/A, 2, 500000, 510.067780, 170.213, 2.00386e-05
2026-03-26T11:28:14, 2026-03-28T04:45:08, 2026-03-28T07:17:26, 2026-03-28T07:26:00, sol, 1, sg045, 1, 0, a100, 48, 0;1;2;3;4;5;6;7;8;9;10;11;12;13;14;15;16;17;18;19;20;21;22;23;24;25;26;27;28;29;30;31;32;33;34;35;36;37;38;39;40;41;42;43;44;45;46;47, fileio-3, performance, prod, 1, sg045, 1, 'NVIDIA A100-SXM4-80GB', 0, 46, N/A, 1, 45, 5000, 500, 500, 500, 500, 0, 0, 0, 0, 0, 0, N/A, 2, 500000, 511.187744, 170.032, 2.01564e-05
2026-03-26T11:28:14, 2026-03-28T04:45:08, 2026-03-28T07:26:01, 2026-03-28T07:34:36, sol, 1, sg045, 1, 0, a100, 48, 0;1;2;3;4;5;6;7;8;9;10;11;12;13;14;15;16;17;18;19;20;21;22;23;24;25;26;27;28;29;30;31;32;33;34;35;36;37;38;39;40;41;42;43;44;45;46;47, fileio-3, performance, prod, 1, sg045, 1, 'NVIDIA A100-SXM4-80GB', 0, 46, N/A, 1, 45, 5000, 500, 500, 500, 500, 0, 0, 0, 0, 0, 0, N/A, 2, 500000, 512.493164, 169.477, 3.47529e-05
2026-03-26T11:28:14, 2026-03-28T04:45:08, 2026-03-28T05:27:17, 2026-03-28T05:35:38, sol, 1, sg045, 1, 0, a100, 48, 0;1;2;3;4;5;6;7;8;9;10;11;12;13;14;15;16;17;18;19;20;21;22;23;24;25;26;27;28;29;30;31;32;33;34;35;36;37;38;39;40;41;42;43;44;45;46;47, fileio-3, performance, prod, 1, sg045, 1, 'NVIDIA A100-SXM4-80GB', 0, 46, N/A, 1, 45, 5000, 5000, 5000, 5000, 5000, 0, 0, 0, 0, 0, 0, N/A, 2, 500000, 495.981018, 174.986, 1.75905e-05
2026-03-26T11:28:14, 2026-03-28T04:45:08, 2026-03-28T05:35:39, 2026-03-28T05:44:05, sol, 1, sg045, 1, 0, a100, 48, 0;1;2;3;4;5;6;7;8;9;10;11;12;13;14;15;16;17;18;19;20;21;22;23;24;25;26;27;28;29;30;31;32;33;34;35;36;37;38;39;40;41;42;43;44;45;46;47, fileio-3, performance, prod, 1, sg045, 1, 'NVIDIA A100-SXM4-80GB', 0, 46, N/A, 1, 45, 5000, 5000, 5000, 5000, 5000, 0, 0, 0, 0, 0, 0, N/A, 2, 500000, 501.924133, 173.009, 1.83151e-05
2026-03-26T11:28:14, 2026-03-28T04:45:08, 2026-03-28T05:44:05, 2026-03-28T05:52:43, sol, 1, sg045, 1, 0, a100, 48, 0;1;2;3;4;5;6;7;8;9;10;11;12;13;14;15;16;17;18;19;20;21;22;23;24;25;26;27;28;29;30;31;32;33;34;35;36;37;38;39;40;41;42;43;44;45;46;47, fileio-3, performance, prod, 1, sg045, 1, 'NVIDIA A100-SXM4-80GB', 0, 46, N/A, 1, 45, 5000, 5000, 5000, 5000, 5000, 0, 0, 0, 0, 0, 0, N/A, 2, 500000, 514.966064, 168.6, 0.000254053
2026-03-26T11:28:14, 2026-03-28T04:45:08, 2026-03-28T05:52:43, 2026-03-28T06:01:09, sol, 1, sg045, 1, 0, a100, 48, 0;1;2;3;4;5;6;7;8;9;10;11;12;13;14;15;16;17;18;19;20;21;22;23;24;25;26;27;28;29;30;31;32;33;34;35;36;37;38;39;40;41;42;43;44;45;46;47, fileio-3, performance, prod, 1, sg045, 1, 'NVIDIA A100-SXM4-80GB', 0, 46, N/A, 1, 45, 5000, 5000, 5000, 5000, 5000, 0, 0, 0, 0, 0, 0, N/A, 2, 500000, 501.180237, 173.313, 2.06114e-05
2026-03-26T11:28:14, 2026-03-28T04:45:08, 2026-03-28T06:01:09, 2026-03-28T06:09:33, sol, 1, sg045, 1, 0, a100, 48, 0;1;2;3;4;5;6;7;8;9;10;11;12;13;14;15;16;17;18;19;20;21;22;23;24;25;26;27;28;29;30;31;32;33;34;35;36;37;38;39;40;41;42;43;44;45;46;47, fileio-3, performance, prod, 1, sg045, 1, 'NVIDIA A100-SXM4-80GB', 0, 46, N/A, 1, 45, 5000, 5000, 5000, 5000, 5000, 0, 0, 0, 0, 0, 0, N/A, 2, 500000, 499.148376, 173.875, 2.02887e-05
2026-03-26T11:28:14, 2026-03-28T04:45:08, 2026-03-28T10:13:37, 2026-03-28T10:34:55, sol, 1, sg045, 1, 0, a100, 48, 0;1;2;3;4;5;6;7;8;9;10;11;12;13;14;15;16;17;18;19;20;21;22;23;24;25;26;27;28;29;30;31;32;33;34;35;36;37;38;39;40;41;42;43;44;45;46;47, fileio-3, performance, prod, 1, sg045, 1, 'NVIDIA A100-SXM4-80GB', 0, 46, N/A, 1, 45, 5000, 8, 8, 8, 8, 0, 0, 0, 0, 0, 0, N/A, 2, 500000, 1275.924316, 67.8709, 4.83581e-05
2026-03-26T11:28:14, 2026-03-28T04:45:08, 2026-03-28T10:34:56, 2026-03-28T10:55:11, sol, 1, sg045, 1, 0, a100, 48, 0;1;2;3;4;5;6;7;8;9;10;11;12;13;14;15;16;17;18;19;20;21;22;23;24;25;26;27;28;29;30;31;32;33;34;35;36;37;38;39;40;41;42;43;44;45;46;47, fileio-3, performance, prod, 1, sg045, 1, 'NVIDIA A100-SXM4-80GB', 0, 46, N/A, 1, 45, 5000, 8, 8, 8, 8, 0, 0, 0, 0, 0, 0, N/A, 2, 500000, 1212.758423, 71.4815, 6.09247e-05
2026-03-26T11:28:14, 2026-03-28T04:45:08, 2026-03-28T10:55:12, 2026-03-28T11:16:04, sol, 1, sg045, 1, 0, a100, 48, 0;1;2;3;4;5;6;7;8;9;10;11;12;13;14;15;16;17;18;19;20;21;22;23;24;25;26;27;28;29;30;31;32;33;34;35;36;37;38;39;40;41;42;43;44;45;46;47, fileio-3, performance, prod, 1, sg045, 1, 'NVIDIA A100-SXM4-80GB', 0, 46, N/A, 1, 45, 5000, 8, 8, 8, 8, 0, 0, 0, 0, 0, 0, N/A, 2, 500000, 1249.011475, 69.3677, 5.2197e-05
2026-03-26T11:28:14, 2026-03-28T04:45:08, 2026-03-28T11:16:05, 2026-03-28T11:34:56, sol, 1, sg045, 1, 0, a100, 48, 0;1;2;3;4;5;6;7;8;9;10;11;12;13;14;15;16;17;18;19;20;21;22;23;24;25;26;27;28;29;30;31;32;33;34;35;36;37;38;39;40;41;42;43;44;45;46;47, fileio-3, performance, prod, 1, sg045, 1, 'NVIDIA A100-SXM4-80GB', 0, 46, N/A, 1, 45, 5000, 8, 8, 8, 8, 0, 0, 0, 0, 0, 0, N/A, 2, 500000, 1127.364258, 76.8498, 4.00067e-05
2026-03-26T11:28:14, 2026-03-28T04:45:08, 2026-03-28T11:34:57, 2026-03-28T11:54:47, sol, 1, sg045, 1, 0, a100, 48, 0;1;2;3;4;5;6;7;8;9;10;11;12;13;14;15;16;17;18;19;20;21;22;23;24;25;26;27;28;29;30;31;32;33;34;35;36;37;38;39;40;41;42;43;44;45;46;47, fileio-3, performance, prod, 1, sg045, 1, 'NVIDIA A100-SXM4-80GB', 0, 46, N/A, 1, 45, 5000, 8, 8, 8, 8, 0, 0, 0, 0, 0, 0, N/A, 2, 500000, 1184.216431, 73.2025, 3.96276e-05
2026-03-26T11:28:14, 2026-03-28T04:45:08, 2026-03-28T15:27:31, 2026-03-28T16:06:38, sol, 1, sg045, 1, 0, a100, 48, 0;1;2;3;4;5;6;7;8;9;10;11;12;13;14;15;16;17;18;19;20;21;22;23;24;25;26;27;28;29;30;31;32;33;34;35;36;37;38;39;40;41;42;43;44;45;46;47, fileio, performance, prod, 1, sg045, 1, 'NVIDIA A100-SXM4-80GB', 0, 46, N/A, 1, 45, 5000, 1, 1, 0, 0, 0, 0, 0, 0, 0, 0, N/A, 2, 500000, 2345.092529, 36.9155, 0.000180288
2026-03-26T11:28:14, 2026-03-28T04:45:08, 2026-03-28T16:06:40, 2026-03-28T16:44:31, sol, 1, sg045, 1, 0, a100, 48, 0;1;2;3;4;5;6;7;8;9;10;11;12;13;14;15;16;17;18;19;20;21;22;23;24;25;26;27;28;29;30;31;32;33;34;35;36;37;38;39;40;41;42;43;44;45;46;47, fileio, performance, prod, 1, sg045, 1, 'NVIDIA A100-SXM4-80GB', 0, 46, N/A, 1, 45, 5000, 1, 1, 0, 0, 0, 0, 0, 0, 0, 0, N/A, 2, 500000, 2268.161133, 38.1732, 0.000119325
2026-03-26T11:28:14, 2026-03-28T04:45:08, 2026-03-28T16:44:32, 2026-03-28T17:24:20, sol, 1, sg045, 1, 0, a100, 48, 0;1;2;3;4;5;6;7;8;9;10;11;12;13;14;15;16;17;18;19;20;21;22;23;24;25;26;27;28;29;30;31;32;33;34;35;36;37;38;39;40;41;42;43;44;45;46;47, fileio, performance, prod, 1, sg045, 1, 'NVIDIA A100-SXM4-80GB', 0, 46, N/A, 1, 45, 5000, 1, 1, 0, 0, 0, 0, 0, 0, 0, 0, N/A, 2, 500000, 2385.634521, 36.2818, 8.64483e-05
2026-03-26T11:28:14, 2026-03-28T04:45:08, 2026-03-28T17:24:23, 2026-03-28T18:03:54, sol, 1, sg045, 1, 0, a100, 48, 0;1;2;3;4;5;6;7;8;9;10;11;12;13;14;15;16;17;18;19;20;21;22;23;24;25;26;27;28;29;30;31;32;33;34;35;36;37;38;39;40;41;42;43;44;45;46;47, fileio, performance, prod, 1, sg045, 1, 'NVIDIA A100-SXM4-80GB', 0, 46, N/A, 1, 45, 5000, 1, 1, 0, 0, 0, 0, 0, 0, 0, 0, N/A, 2, 500000, 2366.756836, 36.571, 9.33552e-05
2026-03-26T11:28:14, 2026-03-28T04:45:08, 2026-03-28T18:03:55, 2026-03-28T18:42:19, sol, 1, sg045, 1, 0, a100, 48, 0;1;2;3;4;5;6;7;8;9;10;11;12;13;14;15;16;17;18;19;20;21;22;23;24;25;26;27;28;29;30;31;32;33;34;35;36;37;38;39;40;41;42;43;44;45;46;47, fileio, performance, prod, 1, sg045, 1, 'NVIDIA A100-SXM4-80GB', 0, 46, N/A, 1, 45, 5000, 1, 1, 0, 0, 0, 0, 0, 0, 0, 0, N/A, 2, 500000, 2300.244141, 37.6349, 0.000161352
2026-03-26T11:28:14, 2026-03-28T04:45:08, 2026-03-28T11:54:48, 2026-03-28T12:09:13, sol, 1, sg045, 1, 0, a100, 48, 0;1;2;3;4;5;6;7;8;9;10;11;12;13;14;15;16;17;18;19;20;21;22;23;24;25;26;27;28;29;30;31;32;33;34;35;36;37;38;39;40;41;42;43;44;45;46;47, fileio, performance, prod, 1, sg045, 1, 'NVIDIA A100-SXM4-80GB', 0, 46, N/A, 1, 45, 5000, 5, 5, 0, 0, 0, 0, 0, 0, 0, 0, N/A, 2, 500000, 859.176636, 100.964, 4.1542e-05
2026-03-26T11:28:14, 2026-03-28T04:45:08, 2026-03-28T12:09:14, 2026-03-28T12:24:01, sol, 1, sg045, 1, 0, a100, 48, 0;1;2;3;4;5;6;7;8;9;10;11;12;13;14;15;16;17;18;19;20;21;22;23;24;25;26;27;28;29;30;31;32;33;34;35;36;37;38;39;40;41;42;43;44;45;46;47, fileio, performance, prod, 1, sg045, 1, 'NVIDIA A100-SXM4-80GB', 0, 46, N/A, 1, 45, 5000, 5, 5, 0, 0, 0, 0, 0, 0, 0, 0, N/A, 2, 500000, 882.259949, 98.3687, 3.41668e-05
2026-03-26T11:28:14, 2026-03-28T04:45:08, 2026-03-28T12:24:02, 2026-03-28T12:39:01, sol, 1, sg045, 1, 0, a100, 48, 0;1;2;3;4;5;6;7;8;9;10;11;12;13;14;15;16;17;18;19;20;21;22;23;24;25;26;27;28;29;30;31;32;33;34;35;36;37;38;39;40;41;42;43;44;45;46;47, fileio, performance, prod, 1, sg045, 1, 'NVIDIA A100-SXM4-80GB', 0, 46, N/A, 1, 45, 5000, 5, 5, 0, 0, 0, 0, 0, 0, 0, 0, N/A, 2, 500000, 894.444885, 96.9594, 3.45075e-05
2026-03-26T11:28:14, 2026-03-28T04:45:08, 2026-03-28T12:39:02, 2026-03-28T12:53:54, sol, 1, sg045, 1, 0, a100, 48, 0;1;2;3;4;5;6;7;8;9;10;11;12;13;14;15;16;17;18;19;20;21;22;23;24;25;26;27;28;29;30;31;32;33;34;35;36;37;38;39;40;41;42;43;44;45;46;47, fileio, performance, prod, 1, sg045, 1, 'NVIDIA A100-SXM4-80GB', 0, 46, N/A, 1, 45, 5000, 5, 5, 0, 0, 0, 0, 0, 0, 0, 0, N/A, 2, 500000, 888.321655, 97.502, 3.33655e-05
2026-03-26T11:28:14, 2026-03-28T04:45:08, 2026-03-28T12:53:54, 2026-03-28T13:08:46, sol, 1, sg045, 1, 0, a100, 48, 0;1;2;3;4;5;6;7;8;9;10;11;12;13;14;15;16;17;18;19;20;21;22;23;24;25;26;27;28;29;30;31;32;33;34;35;36;37;38;39;40;41;42;43;44;45;46;47, fileio, performance, prod, 1, sg045, 1, 'NVIDIA A100-SXM4-80GB', 0, 46, N/A, 1, 45, 5000, 5, 5, 0, 0, 0, 0, 0, 0, 0, 0, N/A, 2, 500000, 884.537354, 98.0018, 3.21602e-05
2026-03-26T11:28:14, 2026-03-28T04:45:08, 2026-03-28T07:34:37, 2026-03-28T07:43:39, sol, 1, sg045, 1, 0, a100, 48, 0;1;2;3;4;5;6;7;8;9;10;11;12;13;14;15;16;17;18;19;20;21;22;23;24;25;26;27;28;29;30;31;32;33;34;35;36;37;38;39;40;41;42;43;44;45;46;47, fileio, performance, prod, 1, sg045, 1, 'NVIDIA A100-SXM4-80GB', 0, 46, N/A, 1, 45, 5000, 50, 50, 0, 0, 0, 0, 0, 0, 0, 0, N/A, 2, 500000, 540.291626, 160.584, 2.15668e-05
2026-03-26T11:28:14, 2026-03-28T04:45:08, 2026-03-28T07:43:40, 2026-03-28T07:52:43, sol, 1, sg045, 1, 0, a100, 48, 0;1;2;3;4;5;6;7;8;9;10;11;12;13;14;15;16;17;18;19;20;21;22;23;24;25;26;27;28;29;30;31;32;33;34;35;36;37;38;39;40;41;42;43;44;45;46;47, fileio, performance, prod, 1, sg045, 1, 'NVIDIA A100-SXM4-80GB', 0, 46, N/A, 1, 45, 5000, 50, 50, 0, 0, 0, 0, 0, 0, 0, 0, N/A, 2, 500000, 540.459351, 160.618, 2.10358e-05
2026-03-26T11:28:14, 2026-03-28T04:45:08, 2026-03-28T07:52:43, 2026-03-28T08:01:54, sol, 1, sg045, 1, 0, a100, 48, 0;1;2;3;4;5;6;7;8;9;10;11;12;13;14;15;16;17;18;19;20;21;22;23;24;25;26;27;28;29;30;31;32;33;34;35;36;37;38;39;40;41;42;43;44;45;46;47, fileio, performance, prod, 1, sg045, 1, 'NVIDIA A100-SXM4-80GB', 0, 46, N/A, 1, 45, 5000, 50, 50, 0, 0, 0, 0, 0, 0, 0, 0, N/A, 2, 500000, 544.352722, 159.643, 2.33984e-05
2026-03-26T11:28:14, 2026-03-28T04:45:08, 2026-03-28T08:01:54, 2026-03-28T08:10:57, sol, 1, sg045, 1, 0, a100, 48, 0;1;2;3;4;5;6;7;8;9;10;11;12;13;14;15;16;17;18;19;20;21;22;23;24;25;26;27;28;29;30;31;32;33;34;35;36;37;38;39;40;41;42;43;44;45;46;47, fileio, performance, prod, 1, sg045, 1, 'NVIDIA A100-SXM4-80GB', 0, 46, N/A, 1, 45, 5000, 50, 50, 0, 0, 0, 0, 0, 0, 0, 0, N/A, 2, 500000, 538.792908, 161.353, 2.04283e-05
2026-03-26T11:28:14, 2026-03-28T04:45:08, 2026-03-28T08:10:58, 2026-03-28T08:20:06, sol, 1, sg045, 1, 0, a100, 48, 0;1;2;3;4;5;6;7;8;9;10;11;12;13;14;15;16;17;18;19;20;21;22;23;24;25;26;27;28;29;30;31;32;33;34;35;36;37;38;39;40;41;42;43;44;45;46;47, fileio, performance, prod, 1, sg045, 1, 'NVIDIA A100-SXM4-80GB', 0, 46, N/A, 1, 45, 5000, 50, 50, 0, 0, 0, 0, 0, 0, 0, 0, N/A, 2, 500000, 543.279907, 159.665, 2.12798e-05
2026-03-26T11:28:14, 2026-03-28T04:45:08, 2026-03-28T06:09:33, 2026-03-28T06:18:00, sol, 1, sg045, 1, 0, a100, 48, 0;1;2;3;4;5;6;7;8;9;10;11;12;13;14;15;16;17;18;19;20;21;22;23;24;25;26;27;28;29;30;31;32;33;34;35;36;37;38;39;40;41;42;43;44;45;46;47, fileio, performance, prod, 1, sg045, 1, 'NVIDIA A100-SXM4-80GB', 0, 46, N/A, 1, 45, 5000, 500, 500, 0, 0, 0, 0, 0, 0, 0, 0, N/A, 2, 500000, 500.876892, 173.318, 2.00834e-05
2026-03-26T11:28:14, 2026-03-28T04:45:08, 2026-03-28T06:18:00, 2026-03-28T06:26:21, sol, 1, sg045, 1, 0, a100, 48, 0;1;2;3;4;5;6;7;8;9;10;11;12;13;14;15;16;17;18;19;20;21;22;23;24;25;26;27;28;29;30;31;32;33;34;35;36;37;38;39;40;41;42;43;44;45;46;47, fileio, performance, prod, 1, sg045, 1, 'NVIDIA A100-SXM4-80GB', 0, 46, N/A, 1, 45, 5000, 500, 500, 0, 0, 0, 0, 0, 0, 0, 0, N/A, 2, 500000, 498.767975, 174.201, 1.74605e-05
2026-03-26T11:28:14, 2026-03-28T04:45:08, 2026-03-28T06:26:22, 2026-03-28T06:34:48, sol, 1, sg045, 1, 0, a100, 48, 0;1;2;3;4;5;6;7;8;9;10;11;12;13;14;15;16;17;18;19;20;21;22;23;24;25;26;27;28;29;30;31;32;33;34;35;36;37;38;39;40;41;42;43;44;45;46;47, fileio, performance, prod, 1, sg045, 1, 'NVIDIA A100-SXM4-80GB', 0, 46, N/A, 1, 45, 5000, 500, 500, 0, 0, 0, 0, 0, 0, 0, 0, N/A, 2, 500000, 503.262451, 172.412, 2.50218e-05
2026-03-26T11:28:14, 2026-03-28T04:45:08, 2026-03-28T06:34:48, 2026-03-28T06:43:12, sol, 1, sg045, 1, 0, a100, 48, 0;1;2;3;4;5;6;7;8;9;10;11;12;13;14;15;16;17;18;19;20;21;22;23;24;25;26;27;28;29;30;31;32;33;34;35;36;37;38;39;40;41;42;43;44;45;46;47, fileio, performance, prod, 1, sg045, 1, 'NVIDIA A100-SXM4-80GB', 0, 46, N/A, 1, 45, 5000, 500, 500, 0, 0, 0, 0, 0, 0, 0, 0, N/A, 2, 500000, 501.801849, 173.092, 2.37945e-05
2026-03-26T11:28:14, 2026-03-28T04:45:08, 2026-03-28T06:43:13, 2026-03-28T06:51:44, sol, 1, sg045, 1, 0, a100, 48, 0;1;2;3;4;5;6;7;8;9;10;11;12;13;14;15;16;17;18;19;20;21;22;23;24;25;26;27;28;29;30;31;32;33;34;35;36;37;38;39;40;41;42;43;44;45;46;47, fileio, performance, prod, 1, sg045, 1, 'NVIDIA A100-SXM4-80GB', 0, 46, N/A, 1, 45, 5000, 500, 500, 0, 0, 0, 0, 0, 0, 0, 0, N/A, 2, 500000, 504.597290, 172.198, 3.16583e-05
2026-03-26T11:28:14, 2026-03-28T04:45:08, 2026-03-28T04:45:20, 2026-03-28T04:53:46, sol, 1, sg045, 1, 0, a100, 48, 0;1;2;3;4;5;6;7;8;9;10;11;12;13;14;15;16;17;18;19;20;21;22;23;24;25;26;27;28;29;30;31;32;33;34;35;36;37;38;39;40;41;42;43;44;45;46;47, fileio, performance, prod, 1, sg045, 1, 'NVIDIA A100-SXM4-80GB', 0, 46, N/A, 1, 45, 5000, 5000, 5000, 0, 0, 0, 0, 0, 0, 0, 0, N/A, 2, 500000, 500.222809, 175.193, 2.2463e-05
2026-03-26T11:28:14, 2026-03-28T04:45:08, 2026-03-28T04:53:46, 2026-03-28T05:02:11, sol, 1, sg045, 1, 0, a100, 48, 0;1;2;3;4;5;6;7;8;9;10;11;12;13;14;15;16;17;18;19;20;21;22;23;24;25;26;27;28;29;30;31;32;33;34;35;36;37;38;39;40;41;42;43;44;45;46;47, fileio, performance, prod, 1, sg045, 1, 'NVIDIA A100-SXM4-80GB', 0, 46, N/A, 1, 45, 5000, 5000, 5000, 0, 0, 0, 0, 0, 0, 0, 0, N/A, 2, 500000, 501.964478, 172.939, 2.21559e-05
2026-03-26T11:28:14, 2026-03-28T04:45:08, 2026-03-28T05:02:11, 2026-03-28T05:10:32, sol, 1, sg045, 1, 0, a100, 48, 0;1;2;3;4;5;6;7;8;9;10;11;12;13;14;15;16;17;18;19;20;21;22;23;24;25;26;27;28;29;30;31;32;33;34;35;36;37;38;39;40;41;42;43;44;45;46;47, fileio, performance, prod, 1, sg045, 1, 'NVIDIA A100-SXM4-80GB', 0, 46, N/A, 1, 45, 5000, 5000, 5000, 0, 0, 0, 0, 0, 0, 0, 0, N/A, 2, 500000, 499.058136, 173.96, 1.85392e-05
2026-03-26T11:28:14, 2026-03-28T04:45:08, 2026-03-28T05:10:33, 2026-03-28T05:18:52, sol, 1, sg045, 1, 0, a100, 48, 0;1;2;3;4;5;6;7;8;9;10;11;12;13;14;15;16;17;18;19;20;21;22;23;24;25;26;27;28;29;30;31;32;33;34;35;36;37;38;39;40;41;42;43;44;45;46;47, fileio, performance, prod, 1, sg045, 1, 'NVIDIA A100-SXM4-80GB', 0, 46, N/A, 1, 45, 5000, 5000, 5000, 0, 0, 0, 0, 0, 0, 0, 0, N/A, 2, 500000, 495.395447, 175.182, 1.98587e-05
2026-03-26T11:28:14, 2026-03-28T04:45:08, 2026-03-28T05:18:52, 2026-03-28T05:27:16, sol, 1, sg045, 1, 0, a100, 48, 0;1;2;3;4;5;6;7;8;9;10;11;12;13;14;15;16;17;18;19;20;21;22;23;24;25;26;27;28;29;30;31;32;33;34;35;36;37;38;39;40;41;42;43;44;45;46;47, fileio, performance, prod, 1, sg045, 1, 'NVIDIA A100-SXM4-80GB', 0, 46, N/A, 1, 45, 5000, 5000, 5000, 0, 0, 0, 0, 0, 0, 0, 0, N/A, 2, 500000, 499.775299, 173.686, 1.71234e-05
2026-03-26T11:28:14, 2026-03-28T04:45:08, 2026-03-28T09:11:35, 2026-03-28T09:24:10, sol, 1, sg045, 1, 0, a100, 48, 0;1;2;3;4;5;6;7;8;9;10;11;12;13;14;15;16;17;18;19;20;21;22;23;24;25;26;27;28;29;30;31;32;33;34;35;36;37;38;39;40;41;42;43;44;45;46;47, fileio, performance, prod, 1, sg045, 1, 'NVIDIA A100-SXM4-80GB', 0, 46, N/A, 1, 45, 5000, 8, 8, 0, 0, 0, 0, 0, 0, 0, 0, N/A, 2, 500000, 749.108215, 115.668, 4.05283e-05
2026-03-26T11:28:14, 2026-03-28T04:45:08, 2026-03-28T09:24:11, 2026-03-28T09:36:35, sol, 1, sg045, 1, 0, a100, 48, 0;1;2;3;4;5;6;7;8;9;10;11;12;13;14;15;16;17;18;19;20;21;22;23;24;25;26;27;28;29;30;31;32;33;34;35;36;37;38;39;40;41;42;43;44;45;46;47, fileio, performance, prod, 1, sg045, 1, 'NVIDIA A100-SXM4-80GB', 0, 46, N/A, 1, 45, 5000, 8, 8, 0, 0, 0, 0, 0, 0, 0, 0, N/A, 2, 500000, 740.904358, 116.973, 3.29583e-05
2026-03-26T11:28:14, 2026-03-28T04:45:08, 2026-03-28T09:36:35, 2026-03-28T09:49:05, sol, 1, sg045, 1, 0, a100, 48, 0;1;2;3;4;5;6;7;8;9;10;11;12;13;14;15;16;17;18;19;20;21;22;23;24;25;26;27;28;29;30;31;32;33;34;35;36;37;38;39;40;41;42;43;44;45;46;47, fileio, performance, prod, 1, sg045, 1, 'NVIDIA A100-SXM4-80GB', 0, 46, N/A, 1, 45, 5000, 8, 8, 0, 0, 0, 0, 0, 0, 0, 0, N/A, 2, 500000, 744.663818, 116.491, 3.897e-05
2026-03-26T11:28:14, 2026-03-28T04:45:08, 2026-03-28T09:49:06, 2026-03-28T10:01:18, sol, 1, sg045, 1, 0, a100, 48, 0;1;2;3;4;5;6;7;8;9;10;11;12;13;14;15;16;17;18;19;20;21;22;23;24;25;26;27;28;29;30;31;32;33;34;35;36;37;38;39;40;41;42;43;44;45;46;47, fileio, performance, prod, 1, sg045, 1, 'NVIDIA A100-SXM4-80GB', 0, 46, N/A, 1, 45, 5000, 8, 8, 0, 0, 0, 0, 0, 0, 0, 0, N/A, 2, 500000, 725.811646, 119.808, 3.61567e-05
2026-03-26T11:28:14, 2026-03-28T04:45:08, 2026-03-28T10:01:18, 2026-03-28T10:13:34, sol, 1, sg045, 1, 0, a100, 48, 0;1;2;3;4;5;6;7;8;9;10;11;12;13;14;15;16;17;18;19;20;21;22;23;24;25;26;27;28;29;30;31;32;33;34;35;36;37;38;39;40;41;42;43;44;45;46;47, fileio, performance, prod, 1, sg045, 1, 'NVIDIA A100-SXM4-80GB', 0, 46, N/A, 1, 45, 5000, 8, 8, 0, 0, 0, 0, 0, 0, 0, 0, N/A, 2, 500000, 730.554321, 118.748, 4.44694e-05
2026-03-12T10:07:37, 2026-03-12T10:27:12, 2026-03-12T10:43:30, 2026-03-12T10:53:34, sol, 1, sg044, 1, 0, a100, 48, 0;1;2;3;4;5;6;7;8;9;10;11;12;13;14;15;16;17;18;19;20;21;22;23;24;25;26;27;28;29;30;31;32;33;34;35;36;37;38;39;40;41;42;43;44;45;46;47, imdv3, optimization, prod, 1, sg044, 1, 'NVIDIA A100-SXM4-80GB', 0, 2, N/A, 1, 1, 5000, 0, 0, 0, 0, 0, 0, 0, 0, 0, 0, N/A, 2, 500000, 598.365051, 144.505, 4.3853e-06
2026-03-12T10:07:37, 2026-03-12T10:27:12, 2026-03-12T11:13:33, 2026-03-12T11:23:33, sol, 1, sg044, 1, 0, a100, 48, 0;1;2;3;4;5;6;7;8;9;10;11;12;13;14;15;16;17;18;19;20;21;22;23;24;25;26;27;28;29;30;31;32;33;34;35;36;37;38;39;40;41;42;43;44;45;46;47, imdv3, optimization, prod, 1, sg044, 1, 'NVIDIA A100-SXM4-80GB', 0, 12, N/A, 1, 11, 5000, 0, 0, 0, 0, 0, 0, 0, 0, 0, 0, N/A, 2, 500000, 598.113647, 144.625, 4.37642e-06
2026-03-12T10:07:37, 2026-03-12T10:27:12, 2026-03-12T11:23:33, 2026-03-12T11:33:38, sol, 1, sg044, 1, 0, a100, 48, 0;1;2;3;4;5;6;7;8;9;10;11;12;13;14;15;16;17;18;19;20;21;22;23;24;25;26;27;28;29;30;31;32;33;34;35;36;37;38;39;40;41;42;43;44;45;46;47, imdv3, optimization, prod, 1, sg044, 1, 'NVIDIA A100-SXM4-80GB', 0, 24, N/A, 1, 23, 5000, 0, 0, 0, 0, 0, 0, 0, 0, 0, 0, N/A, 2, 500000, 602.170715, 143.62, 4.31275e-06
2026-03-12T10:07:37, 2026-03-12T10:27:12, 2026-03-12T10:53:35, 2026-03-12T11:03:31, sol, 1, sg044, 1, 0, a100, 48, 0;1;2;3;4;5;6;7;8;9;10;11;12;13;14;15;16;17;18;19;20;21;22;23;24;25;26;27;28;29;30;31;32;33;34;35;36;37;38;39;40;41;42;43;44;45;46;47, imdv3, optimization, prod, 1, sg044, 1, 'NVIDIA A100-SXM4-80GB', 0, 4, N/A, 1, 3, 5000, 0, 0, 0, 0, 0, 0, 0, 0, 0, 0, N/A, 2, 500000, 594.818481, 145.381, 3.81835e-06
2026-03-12T10:07:37, 2026-03-12T10:27:12, 2026-03-12T11:33:39, 2026-03-12T11:41:05, sol, 1, sg044, 1, 0, a100, 48, 0;1;2;3;4;5;6;7;8;9;10;11;12;13;14;15;16;17;18;19;20;21;22;23;24;25;26;27;28;29;30;31;32;33;34;35;36;37;38;39;40;41;42;43;44;45;46;47, imdv3, optimization, prod, 1, sg044, 1, 'NVIDIA A100-SXM4-80GB', 0, 36, N/A, 1, 35, 5000, 0, 0, 0, 0, 0, 0, 0, 0, 0, 0, N/A, 2, 500000, 442.539093, 195.499, 3.63428e-06
2026-03-12T10:07:37, 2026-03-12T10:27:12, 2026-03-12T11:41:06, 2026-03-12T11:48:35, sol, 1, sg044, 1, 0, a100, 48, 0;1;2;3;4;5;6;7;8;9;10;11;12;13;14;15;16;17;18;19;20;21;22;23;24;25;26;27;28;29;30;31;32;33;34;35;36;37;38;39;40;41;42;43;44;45;46;47, imdv3, optimization, prod, 1, sg044, 1, 'NVIDIA A100-SXM4-80GB', 0, 40, N/A, 1, 39, 5000, 0, 0, 0, 0, 0, 0, 0, 0, 0, 0, N/A, 2, 500000, 446.587738, 193.769, 3.55669e-06
2026-03-12T10:07:37, 2026-03-12T10:27:12, 2026-03-12T10:27:18, 2026-03-12T10:35:40, sol, 1, sg044, 1, 0, a100, 48, 0;1;2;3;4;5;6;7;8;9;10;11;12;13;14;15;16;17;18;19;20;21;22;23;24;25;26;27;28;29;30;31;32;33;34;35;36;37;38;39;40;41;42;43;44;45;46;47, imdv3, optimization, prod, 1, sg044, 1, 'NVIDIA A100-SXM4-80GB', 0, 46, N/A, 1, 45, 5000, 0, 0, 0, 0, 0, 0, 0, 0, 0, 0, N/A, 2, 500000, 499.469971, 174.276, 2.20964e-05
2026-03-12T10:07:37, 2026-03-12T10:27:12, 2026-03-12T10:35:40, 2026-03-12T10:43:30, sol, 1, sg044, 1, 0, a100, 48, 0;1;2;3;4;5;6;7;8;9;10;11;12;13;14;15;16;17;18;19;20;21;22;23;24;25;26;27;28;29;30;31;32;33;34;35;36;37;38;39;40;41;42;43;44;45;46;47, imdv3, optimization, prod, 1, sg044, 1, 'NVIDIA A100-SXM4-80GB', 0, 48, N/A, 1, 47, 5000, 0, 0, 0, 0, 0, 0, 0, 0, 0, 0, N/A, 2, 500000, 467.423584, 185.114, 2.5986e-05
2026-03-12T10:07:37, 2026-03-12T10:27:12, 2026-03-12T11:03:33, 2026-03-12T11:13:32, sol, 1, sg044, 1, 0, a100, 48, 0;1;2;3;4;5;6;7;8;9;10;11;12;13;14;15;16;17;18;19;20;21;22;23;24;25;26;27;28;29;30;31;32;33;34;35;36;37;38;39;40;41;42;43;44;45;46;47, imdv3, optimization, prod, 1, sg044, 1, 'NVIDIA A100-SXM4-80GB', 0, 8, N/A, 1, 7, 5000, 0, 0, 0, 0, 0, 0, 0, 0, 0, 0, N/A, 2, 500000, 596.830444, 144.9, 4.25144e-06
2026-04-28T10:13:49, 2026-04-30T06:07:36, 2026-04-30T06:07:52, 2026-04-30T07:24:18, sol, 1, sg016, 1, 0, a100, 48, 0;1;2;3;4;5;6;7;8;9;10;11;12;13;14;15;16;17;18;19;20;21;22;23;24;25;26;27;28;29;30;31;32;33;34;35;36;37;38;39;40;41;42;43;44;45;46;47, streaming-3, performance, prod, 1, sg016, 1, 'NVIDIA A100-SXM4-80GB', 0, 46, N/A, 1, 45, 5000, 0, 0, 0, 0, 0, 0, 0, 1, 1, 1, 1, 2, 500000, 4580.616211, 18.9118, 0.000230744
2026-04-28T10:13:49, 2026-04-30T06:07:36, 2026-04-30T07:24:19, 2026-04-30T08:36:23, sol, 1, sg016, 1, 0, a100, 48, 0;1;2;3;4;5;6;7;8;9;10;11;12;13;14;15;16;17;18;19;20;21;22;23;24;25;26;27;28;29;30;31;32;33;34;35;36;37;38;39;40;41;42;43;44;45;46;47, streaming-3, performance, prod, 1, sg016, 1, 'NVIDIA A100-SXM4-80GB', 0, 46, N/A, 1, 45, 5000, 0, 0, 0, 0, 0, 0, 0, 1, 1, 1, 1, 2, 500000, 4316.772461, 20.0551, 0.000143251
2026-04-28T10:13:49, 2026-04-30T06:07:36, 2026-04-30T08:36:26, 2026-04-30T09:57:11, sol, 1, sg016, 1, 0, a100, 48, 0;1;2;3;4;5;6;7;8;9;10;11;12;13;14;15;16;17;18;19;20;21;22;23;24;25;26;27;28;29;30;31;32;33;34;35;36;37;38;39;40;41;42;43;44;45;46;47, streaming-3, performance, prod, 1, sg016, 1, 'NVIDIA A100-SXM4-80GB', 0, 46, N/A, 1, 45, 5000, 0, 0, 0, 0, 0, 0, 0, 1, 1, 1, 1, 2, 500000, 4837.046875, 17.906, 0.000148339
2026-04-28T10:13:49, 2026-04-30T06:07:36, 2026-04-30T09:57:13, 2026-04-30T11:14:49, sol, 1, sg016, 1, 0, a100, 48, 0;1;2;3;4;5;6;7;8;9;10;11;12;13;14;15;16;17;18;19;20;21;22;23;24;25;26;27;28;29;30;31;32;33;34;35;36;37;38;39;40;41;42;43;44;45;46;47, streaming-3, performance, prod, 1, sg016, 1, 'NVIDIA A100-SXM4-80GB', 0, 46, N/A, 1, 45, 5000, 0, 0, 0, 0, 0, 0, 0, 1, 1, 1, 1, 2, 500000, 4650.340332, 18.6212, 0.000762342
2026-04-23T11:55:40, 2026-04-25T08:46:56, 2026-04-25T08:47:08, 2026-04-25T09:05:58, sol, 1, sg030, 1, 0, a100, 48, 0;1;2;3;4;5;6;7;8;9;10;11;12;13;14;15;16;17;18;19;20;21;22;23;24;25;26;27;28;29;30;31;32;33;34;35;36;37;38;39;40;41;42;43;44;45;46;47, streaming-3, performance, prod, 1, sg030, 1, 'NVIDIA A100-SXM4-80GB', 0, 46, N/A, 1, 45, 5000, 0, 0, 0, 0, 0, 0, 0, 5, 5, 5, 1, 2, 500000, 1124.916260, 77.6634, 7.12724e-05
2026-04-23T11:55:40, 2026-04-25T08:46:56, 2026-04-25T09:05:58, 2026-04-25T09:29:35, sol, 1, sg030, 1, 0, a100, 48, 0;1;2;3;4;5;6;7;8;9;10;11;12;13;14;15;16;17;18;19;20;21;22;23;24;25;26;27;28;29;30;31;32;33;34;35;36;37;38;39;40;41;42;43;44;45;46;47, streaming-3, performance, prod, 1, sg030, 1, 'NVIDIA A100-SXM4-80GB', 0, 46, N/A, 1, 45, 5000, 0, 0, 0, 0, 0, 0, 0, 5, 5, 5, 1, 2, 500000, 1411.360229, 61.6032, 3.15911e-05
2026-04-23T11:55:40, 2026-04-25T08:46:56, 2026-04-25T09:29:35, 2026-04-25T09:51:25, sol, 1, sg030, 1, 0, a100, 48, 0;1;2;3;4;5;6;7;8;9;10;11;12;13;14;15;16;17;18;19;20;21;22;23;24;25;26;27;28;29;30;31;32;33;34;35;36;37;38;39;40;41;42;43;44;45;46;47, streaming-3, performance, prod, 1, sg030, 1, 'NVIDIA A100-SXM4-80GB', 0, 46, N/A, 1, 45, 5000, 0, 0, 0, 0, 0, 0, 0, 5, 5, 5, 1, 2, 500000, 1305.246460, 66.6534, 4.54005e-05
2026-04-23T11:55:40, 2026-04-25T08:46:56, 2026-04-25T09:51:26, 2026-04-25T10:14:08, sol, 1, sg030, 1, 0, a100, 48, 0;1;2;3;4;5;6;7;8;9;10;11;12;13;14;15;16;17;18;19;20;21;22;23;24;25;26;27;28;29;30;31;32;33;34;35;36;37;38;39;40;41;42;43;44;45;46;47, streaming-3, performance, prod, 1, sg030, 1, 'NVIDIA A100-SXM4-80GB', 0, 46, N/A, 1, 45, 5000, 0, 0, 0, 0, 0, 0, 0, 5, 5, 5, 1, 2, 500000, 1357.908203, 64.09, 3.02937e-05
2026-04-23T11:55:40, 2026-04-25T08:46:56, 2026-04-25T10:14:09, 2026-04-25T10:37:59, sol, 1, sg030, 1, 0, a100, 48, 0;1;2;3;4;5;6;7;8;9;10;11;12;13;14;15;16;17;18;19;20;21;22;23;24;25;26;27;28;29;30;31;32;33;34;35;36;37;38;39;40;41;42;43;44;45;46;47, streaming-3, performance, prod, 1, sg030, 1, 'NVIDIA A100-SXM4-80GB', 0, 46, N/A, 1, 45, 5000, 0, 0, 0, 0, 0, 0, 0, 5, 5, 5, 1, 2, 500000, 1425.292603, 61.0152, 3.12982e-05
2026-04-20T08:34:47, 2026-04-20T22:35:07, 2026-04-21T02:16:49, 2026-04-21T02:26:40, sol, 1, sg044, 1, 0, a100, 48, 0;1;2;3;4;5;6;7;8;9;10;11;12;13;14;15;16;17;18;19;20;21;22;23;24;25;26;27;28;29;30;31;32;33;34;35;36;37;38;39;40;41;42;43;44;45;46;47, streaming-3, performance, prod, 1, sg044, 1, 'NVIDIA A100-SXM4-80GB', 0, 46, N/A, 1, 45, 5000, 0, 0, 0, 0, 0, 0, 0, 50, 50, 50, 1, 2, 500000, 585.723999, 149.842, 2.41773e-05
2026-04-20T08:34:47, 2026-04-20T22:35:07, 2026-04-21T02:26:40, 2026-04-21T02:36:37, sol, 1, sg044, 1, 0, a100, 48, 0;1;2;3;4;5;6;7;8;9;10;11;12;13;14;15;16;17;18;19;20;21;22;23;24;25;26;27;28;29;30;31;32;33;34;35;36;37;38;39;40;41;42;43;44;45;46;47, streaming-3, performance, prod, 1, sg044, 1, 'NVIDIA A100-SXM4-80GB', 0, 46, N/A, 1, 45, 5000, 0, 0, 0, 0, 0, 0, 0, 50, 50, 50, 1, 2, 500000, 592.282288, 148.237, 2.32314e-05
2026-04-20T08:34:47, 2026-04-20T22:35:07, 2026-04-21T02:36:38, 2026-04-21T02:46:43, sol, 1, sg044, 1, 0, a100, 48, 0;1;2;3;4;5;6;7;8;9;10;11;12;13;14;15;16;17;18;19;20;21;22;23;24;25;26;27;28;29;30;31;32;33;34;35;36;37;38;39;40;41;42;43;44;45;46;47, streaming-3, performance, prod, 1, sg044, 1, 'NVIDIA A100-SXM4-80GB', 0, 46, N/A, 1, 45, 5000, 0, 0, 0, 0, 0, 0, 0, 50, 50, 50, 1, 2, 500000, 600.592041, 146.065, 2.9463e-05
2026-04-20T08:34:47, 2026-04-20T22:35:07, 2026-04-21T02:46:44, 2026-04-21T02:56:47, sol, 1, sg044, 1, 0, a100, 48, 0;1;2;3;4;5;6;7;8;9;10;11;12;13;14;15;16;17;18;19;20;21;22;23;24;25;26;27;28;29;30;31;32;33;34;35;36;37;38;39;40;41;42;43;44;45;46;47, streaming-3, performance, prod, 1, sg044, 1, 'NVIDIA A100-SXM4-80GB', 0, 46, N/A, 1, 45, 5000, 0, 0, 0, 0, 0, 0, 0, 50, 50, 50, 1, 2, 500000, 598.557129, 146.902, 3.05996e-05
2026-04-20T08:34:47, 2026-04-20T22:35:07, 2026-04-21T02:56:47, 2026-04-21T03:06:36, sol, 1, sg044, 1, 0, a100, 48, 0;1;2;3;4;5;6;7;8;9;10;11;12;13;14;15;16;17;18;19;20;21;22;23;24;25;26;27;28;29;30;31;32;33;34;35;36;37;38;39;40;41;42;43;44;45;46;47, streaming-3, performance, prod, 1, sg044, 1, 'NVIDIA A100-SXM4-80GB', 0, 46, N/A, 1, 45, 5000, 0, 0, 0, 0, 0, 0, 0, 50, 50, 50, 1, 2, 500000, 583.604553, 150.362, 3.73795e-05
2026-04-20T08:34:47, 2026-04-20T22:35:07, 2026-04-21T00:46:47, 2026-04-21T00:55:38, sol, 1, sg044, 1, 0, a100, 48, 0;1;2;3;4;5;6;7;8;9;10;11;12;13;14;15;16;17;18;19;20;21;22;23;24;25;26;27;28;29;30;31;32;33;34;35;36;37;38;39;40;41;42;43;44;45;46;47, streaming-3, performance, prod, 1, sg044, 1, 'NVIDIA A100-SXM4-80GB', 0, 46, N/A, 1, 45, 5000, 0, 0, 0, 0, 0, 0, 0, 500, 500, 500, 1, 2, 500000, 526.141602, 167.14, 2.24158e-05
2026-04-20T08:34:47, 2026-04-20T22:35:07, 2026-04-21T00:55:39, 2026-04-21T01:04:30, sol, 1, sg044, 1, 0, a100, 48, 0;1;2;3;4;5;6;7;8;9;10;11;12;13;14;15;16;17;18;19;20;21;22;23;24;25;26;27;28;29;30;31;32;33;34;35;36;37;38;39;40;41;42;43;44;45;46;47, streaming-3, performance, prod, 1, sg044, 1, 'NVIDIA A100-SXM4-80GB', 0, 46, N/A, 1, 45, 5000, 0, 0, 0, 0, 0, 0, 0, 500, 500, 500, 1, 2, 500000, 526.370361, 166.95, 0.000159046
2026-04-20T08:34:47, 2026-04-20T22:35:07, 2026-04-21T01:04:31, 2026-04-21T01:13:16, sol, 1, sg044, 1, 0, a100, 48, 0;1;2;3;4;5;6;7;8;9;10;11;12;13;14;15;16;17;18;19;20;21;22;23;24;25;26;27;28;29;30;31;32;33;34;35;36;37;38;39;40;41;42;43;44;45;46;47, streaming-3, performance, prod, 1, sg044, 1, 'NVIDIA A100-SXM4-80GB', 0, 46, N/A, 1, 45, 5000, 0, 0, 0, 0, 0, 0, 0, 500, 500, 500, 1, 2, 500000, 520.275879, 169.091, 1.89544e-05
2026-04-20T08:34:47, 2026-04-20T22:35:07, 2026-04-21T01:13:16, 2026-04-21T01:22:05, sol, 1, sg044, 1, 0, a100, 48, 0;1;2;3;4;5;6;7;8;9;10;11;12;13;14;15;16;17;18;19;20;21;22;23;24;25;26;27;28;29;30;31;32;33;34;35;36;37;38;39;40;41;42;43;44;45;46;47, streaming-3, performance, prod, 1, sg044, 1, 'NVIDIA A100-SXM4-80GB', 0, 46, N/A, 1, 45, 5000, 0, 0, 0, 0, 0, 0, 0, 500, 500, 500, 1, 2, 500000, 523.825989, 167.865, 2.09608e-05
2026-04-20T08:34:47, 2026-04-20T22:35:07, 2026-04-21T01:22:06, 2026-04-21T01:30:55, sol, 1, sg044, 1, 0, a100, 48, 0;1;2;3;4;5;6;7;8;9;10;11;12;13;14;15;16;17;18;19;20;21;22;23;24;25;26;27;28;29;30;31;32;33;34;35;36;37;38;39;40;41;42;43;44;45;46;47, streaming-3, performance, prod, 1, sg044, 1, 'NVIDIA A100-SXM4-80GB', 0, 46, N/A, 1, 45, 5000, 0, 0, 0, 0, 0, 0, 0, 500, 500, 500, 1, 2, 500000, 524.548096, 167.691, 2.66415e-05
2026-04-20T08:34:47, 2026-04-20T22:35:07, 2026-04-20T23:19:18, 2026-04-20T23:28:01, sol, 1, sg044, 1, 0, a100, 48, 0;1;2;3;4;5;6;7;8;9;10;11;12;13;14;15;16;17;18;19;20;21;22;23;24;25;26;27;28;29;30;31;32;33;34;35;36;37;38;39;40;41;42;43;44;45;46;47, streaming-3, performance, prod, 1, sg044, 1, 'NVIDIA A100-SXM4-80GB', 0, 46, N/A, 1, 45, 5000, 0, 0, 0, 0, 0, 0, 0, 5000, 5000, 5000, 1, 2, 500000, 517.923889, 170.143, 1.93619e-05
2026-04-20T08:34:47, 2026-04-20T22:35:07, 2026-04-20T23:28:01, 2026-04-20T23:36:47, sol, 1, sg044, 1, 0, a100, 48, 0;1;2;3;4;5;6;7;8;9;10;11;12;13;14;15;16;17;18;19;20;21;22;23;24;25;26;27;28;29;30;31;32;33;34;35;36;37;38;39;40;41;42;43;44;45;46;47, streaming-3, performance, prod, 1, sg044, 1, 'NVIDIA A100-SXM4-80GB', 0, 46, N/A, 1, 45, 5000, 0, 0, 0, 0, 0, 0, 0, 5000, 5000, 5000, 1, 2, 500000, 520.255737, 169.285, 2.54785e-05
2026-04-20T08:34:47, 2026-04-20T22:35:07, 2026-04-20T23:36:47, 2026-04-20T23:45:30, sol, 1, sg044, 1, 0, a100, 48, 0;1;2;3;4;5;6;7;8;9;10;11;12;13;14;15;16;17;18;19;20;21;22;23;24;25;26;27;28;29;30;31;32;33;34;35;36;37;38;39;40;41;42;43;44;45;46;47, streaming-3, performance, prod, 1, sg044, 1, 'NVIDIA A100-SXM4-80GB', 0, 46, N/A, 1, 45, 5000, 0, 0, 0, 0, 0, 0, 0, 5000, 5000, 5000, 1, 2, 500000, 517.521423, 170.263, 2.11999e-05
2026-04-20T08:34:47, 2026-04-20T22:35:07, 2026-04-20T23:45:30, 2026-04-20T23:54:12, sol, 1, sg044, 1, 0, a100, 48, 0;1;2;3;4;5;6;7;8;9;10;11;12;13;14;15;16;17;18;19;20;21;22;23;24;25;26;27;28;29;30;31;32;33;34;35;36;37;38;39;40;41;42;43;44;45;46;47, streaming-3, performance, prod, 1, sg044, 1, 'NVIDIA A100-SXM4-80GB', 0, 46, N/A, 1, 45, 5000, 0, 0, 0, 0, 0, 0, 0, 5000, 5000, 5000, 1, 2, 500000, 517.185730, 170.174, 2.76407e-05
2026-04-20T08:34:47, 2026-04-20T22:35:07, 2026-04-20T23:54:12, 2026-04-21T00:02:54, sol, 1, sg044, 1, 0, a100, 48, 0;1;2;3;4;5;6;7;8;9;10;11;12;13;14;15;16;17;18;19;20;21;22;23;24;25;26;27;28;29;30;31;32;33;34;35;36;37;38;39;40;41;42;43;44;45;46;47, streaming-3, performance, prod, 1, sg044, 1, 'NVIDIA A100-SXM4-80GB', 0, 46, N/A, 1, 45, 5000, 0, 0, 0, 0, 0, 0, 0, 5000, 5000, 5000, 1, 2, 500000, 516.758057, 170.251, 2.21982e-05
2026-04-21T11:52:42, 2026-04-22T06:29:14, 2026-04-22T06:29:31, 2026-04-22T06:47:34, sol, 1, sg238, 1, 0, a100, 48, 0;1;2;3;4;5;6;7;8;9;10;11;12;13;14;15;16;17;18;19;20;21;22;23;24;25;26;27;28;29;30;31;32;33;34;35;36;37;38;39;40;41;42;43;44;45;46;47, streaming-3, performance, prod, 1, sg238, 1, 'NVIDIA A100-SXM4-80GB', 0, 46, N/A, 1, 45, 5000, 0, 0, 0, 0, 0, 0, 0, 8, 8, 8, 1, 2, 500000, 1077.803223, 81.0944, 6.4489e-05
2026-04-21T11:52:42, 2026-04-22T06:29:14, 2026-04-22T06:47:35, 2026-04-22T07:05:18, sol, 1, sg238, 1, 0, a100, 48, 0;1;2;3;4;5;6;7;8;9;10;11;12;13;14;15;16;17;18;19;20;21;22;23;24;25;26;27;28;29;30;31;32;33;34;35;36;37;38;39;40;41;42;43;44;45;46;47, streaming-3, performance, prod, 1, sg238, 1, 'NVIDIA A100-SXM4-80GB', 0, 46, N/A, 1, 45, 5000, 0, 0, 0, 0, 0, 0, 0, 8, 8, 8, 1, 2, 500000, 1058.205933, 82.3517, 6.22447e-05
2026-04-21T11:52:42, 2026-04-22T06:29:14, 2026-04-22T07:05:18, 2026-04-22T07:22:58, sol, 1, sg238, 1, 0, a100, 48, 0;1;2;3;4;5;6;7;8;9;10;11;12;13;14;15;16;17;18;19;20;21;22;23;24;25;26;27;28;29;30;31;32;33;34;35;36;37;38;39;40;41;42;43;44;45;46;47, streaming-3, performance, prod, 1, sg238, 1, 'NVIDIA A100-SXM4-80GB', 0, 46, N/A, 1, 45, 5000, 0, 0, 0, 0, 0, 0, 0, 8, 8, 8, 1, 2, 500000, 1054.993652, 82.6418, 5.32598e-05
2026-04-21T11:52:42, 2026-04-22T06:29:14, 2026-04-22T07:22:58, 2026-04-22T07:40:16, sol, 1, sg238, 1, 0, a100, 48, 0;1;2;3;4;5;6;7;8;9;10;11;12;13;14;15;16;17;18;19;20;21;22;23;24;25;26;27;28;29;30;31;32;33;34;35;36;37;38;39;40;41;42;43;44;45;46;47, streaming-3, performance, prod, 1, sg238, 1, 'NVIDIA A100-SXM4-80GB', 0, 46, N/A, 1, 45, 5000, 0, 0, 0, 0, 0, 0, 0, 8, 8, 8, 1, 2, 500000, 1032.743286, 84.4353, 5.09523e-05
2026-04-21T11:52:42, 2026-04-22T06:29:14, 2026-04-22T07:40:16, 2026-04-22T07:56:46, sol, 1, sg238, 1, 0, a100, 48, 0;1;2;3;4;5;6;7;8;9;10;11;12;13;14;15;16;17;18;19;20;21;22;23;24;25;26;27;28;29;30;31;32;33;34;35;36;37;38;39;40;41;42;43;44;45;46;47, streaming-3, performance, prod, 1, sg238, 1, 'NVIDIA A100-SXM4-80GB', 0, 46, N/A, 1, 45, 5000, 0, 0, 0, 0, 0, 0, 0, 8, 8, 8, 1, 2, 500000, 984.411499, 88.63, 6.30163e-05
2026-04-23T11:55:40, 2026-04-25T08:46:56, 2026-04-25T10:38:03, 2026-04-25T11:03:09, sol, 1, sg030, 1, 0, a100, 48, 0;1;2;3;4;5;6;7;8;9;10;11;12;13;14;15;16;17;18;19;20;21;22;23;24;25;26;27;28;29;30;31;32;33;34;35;36;37;38;39;40;41;42;43;44;45;46;47, streaming, performance, prod, 1, sg030, 1, 'NVIDIA A100-SXM4-80GB', 0, 46, N/A, 1, 45, 5000, 0, 0, 0, 0, 0, 0, 0, 1, 0, 0, 1, 2, 500000, 1501.446167, 57.9044, 0.000209257
2026-04-23T11:55:40, 2026-04-25T08:46:56, 2026-04-25T11:03:11, 2026-04-25T11:29:32, sol, 1, sg030, 1, 0, a100, 48, 0;1;2;3;4;5;6;7;8;9;10;11;12;13;14;15;16;17;18;19;20;21;22;23;24;25;26;27;28;29;30;31;32;33;34;35;36;37;38;39;40;41;42;43;44;45;46;47, streaming, performance, prod, 1, sg030, 1, 'NVIDIA A100-SXM4-80GB', 0, 46, N/A, 1, 45, 5000, 0, 0, 0, 0, 0, 0, 0, 1, 0, 0, 1, 2, 500000, 1576.531372, 55.1384, 0.000321299
N/A, N/A, N/A, N/A, sol, 1, sg030, N/A, N/A, N/A, 46, N/A, N/A, N/A, N/A, 1, sg030, 1, 'NVIDIA A100-SXM4-80GB', 0, 46, N/A, 1, 45, 5000, 0, 0, 0, 0, 0, 0, 0, 1, 0, 0, 1, 2, 500000, N/A, NaN, NaN
2026-04-21T11:52:42, 2026-04-22T06:29:14, 2026-04-22T07:56:50, 2026-04-22T08:10:03, sol, 1, sg238, 1, 0, a100, 48, 0;1;2;3;4;5;6;7;8;9;10;11;12;13;14;15;16;17;18;19;20;21;22;23;24;25;26;27;28;29;30;31;32;33;34;35;36;37;38;39;40;41;42;43;44;45;46;47, streaming, performance, prod, 1, sg238, 1, 'NVIDIA A100-SXM4-80GB', 0, 46, N/A, 1, 45, 5000, 0, 0, 0, 0, 0, 0, 0, 5, 0, 0, 1, 2, 500000, 788.754456, 110.803, 6.3725e-05
2026-04-21T11:52:42, 2026-04-22T06:29:14, 2026-04-22T08:10:04, 2026-04-22T08:23:11, sol, 1, sg238, 1, 0, a100, 48, 0;1;2;3;4;5;6;7;8;9;10;11;12;13;14;15;16;17;18;19;20;21;22;23;24;25;26;27;28;29;30;31;32;33;34;35;36;37;38;39;40;41;42;43;44;45;46;47, streaming, performance, prod, 1, sg238, 1, 'NVIDIA A100-SXM4-80GB', 0, 46, N/A, 1, 45, 5000, 0, 0, 0, 0, 0, 0, 0, 5, 0, 0, 1, 2, 500000, 782.656860, 111.724, 8.07365e-05
2026-04-21T11:52:42, 2026-04-22T06:29:14, 2026-04-22T08:23:11, 2026-04-22T08:36:38, sol, 1, sg238, 1, 0, a100, 48, 0;1;2;3;4;5;6;7;8;9;10;11;12;13;14;15;16;17;18;19;20;21;22;23;24;25;26;27;28;29;30;31;32;33;34;35;36;37;38;39;40;41;42;43;44;45;46;47, streaming, performance, prod, 1, sg238, 1, 'NVIDIA A100-SXM4-80GB', 0, 46, N/A, 1, 45, 5000, 0, 0, 0, 0, 0, 0, 0, 5, 0, 0, 1, 2, 500000, 802.683899, 108.928, 0.000121545
2026-04-21T11:52:42, 2026-04-22T06:29:14, 2026-04-22T08:36:38, 2026-04-22T08:49:50, sol, 1, sg238, 1, 0, a100, 48, 0;1;2;3;4;5;6;7;8;9;10;11;12;13;14;15;16;17;18;19;20;21;22;23;24;25;26;27;28;29;30;31;32;33;34;35;36;37;38;39;40;41;42;43;44;45;46;47, streaming, performance, prod, 1, sg238, 1, 'NVIDIA A100-SXM4-80GB', 0, 46, N/A, 1, 45, 5000, 0, 0, 0, 0, 0, 0, 0, 5, 0, 0, 1, 2, 500000, 787.242859, 111.053, 5.97021e-05
2026-04-21T11:52:42, 2026-04-22T06:29:14, 2026-04-22T08:49:51, 2026-04-22T09:03:05, sol, 1, sg238, 1, 0, a100, 48, 0;1;2;3;4;5;6;7;8;9;10;11;12;13;14;15;16;17;18;19;20;21;22;23;24;25;26;27;28;29;30;31;32;33;34;35;36;37;38;39;40;41;42;43;44;45;46;47, streaming, performance, prod, 1, sg238, 1, 'NVIDIA A100-SXM4-80GB', 0, 46, N/A, 1, 45, 5000, 0, 0, 0, 0, 0, 0, 0, 5, 0, 0, 1, 2, 500000, 789.027344, 110.925, 8.92588e-05
2026-04-20T08:34:47, 2026-04-20T22:35:07, 2026-04-21T01:30:59, 2026-04-21T01:40:06, sol, 1, sg044, 1, 0, a100, 48, 0;1;2;3;4;5;6;7;8;9;10;11;12;13;14;15;16;17;18;19;20;21;22;23;24;25;26;27;28;29;30;31;32;33;34;35;36;37;38;39;40;41;42;43;44;45;46;47, streaming, performance, prod, 1, sg044, 1, 'NVIDIA A100-SXM4-80GB', 0, 46, N/A, 1, 45, 5000, 0, 0, 0, 0, 0, 0, 0, 50, 0, 0, 1, 2, 500000, 542.536499, 161.924, 2.1411e-05
2026-04-20T08:34:47, 2026-04-20T22:35:07, 2026-04-21T01:40:07, 2026-04-21T01:49:17, sol, 1, sg044, 1, 0, a100, 48, 0;1;2;3;4;5;6;7;8;9;10;11;12;13;14;15;16;17;18;19;20;21;22;23;24;25;26;27;28;29;30;31;32;33;34;35;36;37;38;39;40;41;42;43;44;45;46;47, streaming, performance, prod, 1, sg044, 1, 'NVIDIA A100-SXM4-80GB', 0, 46, N/A, 1, 45, 5000, 0, 0, 0, 0, 0, 0, 0, 50, 0, 0, 1, 2, 500000, 545.136230, 161.476, 3.85245e-05
2026-04-20T08:34:47, 2026-04-20T22:35:07, 2026-04-21T01:49:17, 2026-04-21T01:58:27, sol, 1, sg044, 1, 0, a100, 48, 0;1;2;3;4;5;6;7;8;9;10;11;12;13;14;15;16;17;18;19;20;21;22;23;24;25;26;27;28;29;30;31;32;33;34;35;36;37;38;39;40;41;42;43;44;45;46;47, streaming, performance, prod, 1, sg044, 1, 'NVIDIA A100-SXM4-80GB', 0, 46, N/A, 1, 45, 5000, 0, 0, 0, 0, 0, 0, 0, 50, 0, 0, 1, 2, 500000, 544.426575, 161.426, 2.13184e-05
2026-04-20T08:34:47, 2026-04-20T22:35:07, 2026-04-21T01:58:27, 2026-04-21T02:07:36, sol, 1, sg044, 1, 0, a100, 48, 0;1;2;3;4;5;6;7;8;9;10;11;12;13;14;15;16;17;18;19;20;21;22;23;24;25;26;27;28;29;30;31;32;33;34;35;36;37;38;39;40;41;42;43;44;45;46;47, streaming, performance, prod, 1, sg044, 1, 'NVIDIA A100-SXM4-80GB', 0, 46, N/A, 1, 45, 5000, 0, 0, 0, 0, 0, 0, 0, 50, 0, 0, 1, 2, 500000, 544.236084, 161.457, 2.4092e-05
2026-04-20T08:34:47, 2026-04-20T22:35:07, 2026-04-21T02:07:36, 2026-04-21T02:16:46, sol, 1, sg044, 1, 0, a100, 48, 0;1;2;3;4;5;6;7;8;9;10;11;12;13;14;15;16;17;18;19;20;21;22;23;24;25;26;27;28;29;30;31;32;33;34;35;36;37;38;39;40;41;42;43;44;45;46;47, streaming, performance, prod, 1, sg044, 1, 'NVIDIA A100-SXM4-80GB', 0, 46, N/A, 1, 45, 5000, 0, 0, 0, 0, 0, 0, 0, 50, 0, 0, 1, 2, 500000, 544.498169, 161.41, 2.38397e-05
2026-04-20T08:34:47, 2026-04-20T22:35:07, 2026-04-21T00:03:00, 2026-04-21T00:11:42, sol, 1, sg044, 1, 0, a100, 48, 0;1;2;3;4;5;6;7;8;9;10;11;12;13;14;15;16;17;18;19;20;21;22;23;24;25;26;27;28;29;30;31;32;33;34;35;36;37;38;39;40;41;42;43;44;45;46;47, streaming, performance, prod, 1, sg044, 1, 'NVIDIA A100-SXM4-80GB', 0, 46, N/A, 1, 45, 5000, 0, 0, 0, 0, 0, 0, 0, 500, 0, 0, 1, 2, 500000, 517.579041, 169.925, 2.08295e-05
2026-04-20T08:34:47, 2026-04-20T22:35:07, 2026-04-21T00:11:43, 2026-04-21T00:20:26, sol, 1, sg044, 1, 0, a100, 48, 0;1;2;3;4;5;6;7;8;9;10;11;12;13;14;15;16;17;18;19;20;21;22;23;24;25;26;27;28;29;30;31;32;33;34;35;36;37;38;39;40;41;42;43;44;45;46;47, streaming, performance, prod, 1, sg044, 1, 'NVIDIA A100-SXM4-80GB', 0, 46, N/A, 1, 45, 5000, 0, 0, 0, 0, 0, 0, 0, 500, 0, 0, 1, 2, 500000, 518.520081, 169.622, 2.89428e-05
2026-04-20T08:34:47, 2026-04-20T22:35:07, 2026-04-21T00:20:27, 2026-04-21T00:29:11, sol, 1, sg044, 1, 0, a100, 48, 0;1;2;3;4;5;6;7;8;9;10;11;12;13;14;15;16;17;18;19;20;21;22;23;24;25;26;27;28;29;30;31;32;33;34;35;36;37;38;39;40;41;42;43;44;45;46;47, streaming, performance, prod, 1, sg044, 1, 'NVIDIA A100-SXM4-80GB', 0, 46, N/A, 1, 45, 5000, 0, 0, 0, 0, 0, 0, 0, 500, 0, 0, 1, 2, 500000, 519.119995, 169.487, 2.21655e-05
2026-04-20T08:34:47, 2026-04-20T22:35:07, 2026-04-21T00:29:11, 2026-04-21T00:37:58, sol, 1, sg044, 1, 0, a100, 48, 0;1;2;3;4;5;6;7;8;9;10;11;12;13;14;15;16;17;18;19;20;21;22;23;24;25;26;27;28;29;30;31;32;33;34;35;36;37;38;39;40;41;42;43;44;45;46;47, streaming, performance, prod, 1, sg044, 1, 'NVIDIA A100-SXM4-80GB', 0, 46, N/A, 1, 45, 5000, 0, 0, 0, 0, 0, 0, 0, 500, 0, 0, 1, 2, 500000, 522.091858, 168.531, 2.08372e-05
2026-04-20T08:34:47, 2026-04-20T22:35:07, 2026-04-21T00:37:58, 2026-04-21T00:46:44, sol, 1, sg044, 1, 0, a100, 48, 0;1;2;3;4;5;6;7;8;9;10;11;12;13;14;15;16;17;18;19;20;21;22;23;24;25;26;27;28;29;30;31;32;33;34;35;36;37;38;39;40;41;42;43;44;45;46;47, streaming, performance, prod, 1, sg044, 1, 'NVIDIA A100-SXM4-80GB', 0, 46, N/A, 1, 45, 5000, 0, 0, 0, 0, 0, 0, 0, 500, 0, 0, 1, 2, 500000, 520.103271, 169.425, 2.74872e-05
2026-04-20T08:34:47, 2026-04-20T22:35:07, 2026-04-20T22:35:21, 2026-04-20T22:44:10, sol, 1, sg044, 1, 0, a100, 48, 0;1;2;3;4;5;6;7;8;9;10;11;12;13;14;15;16;17;18;19;20;21;22;23;24;25;26;27;28;29;30;31;32;33;34;35;36;37;38;39;40;41;42;43;44;45;46;47, streaming, performance, prod, 1, sg044, 1, 'NVIDIA A100-SXM4-80GB', 0, 46, N/A, 1, 45, 5000, 0, 0, 0, 0, 0, 0, 0, 5000, 0, 0, 1, 2, 500000, 523.213013, 169.332, 3.65442e-05
2026-04-20T08:34:47, 2026-04-20T22:35:07, 2026-04-20T22:44:10, 2026-04-20T22:52:48, sol, 1, sg044, 1, 0, a100, 48, 0;1;2;3;4;5;6;7;8;9;10;11;12;13;14;15;16;17;18;19;20;21;22;23;24;25;26;27;28;29;30;31;32;33;34;35;36;37;38;39;40;41;42;43;44;45;46;47, streaming, performance, prod, 1, sg044, 1, 'NVIDIA A100-SXM4-80GB', 0, 46, N/A, 1, 45, 5000, 0, 0, 0, 0, 0, 0, 0, 5000, 0, 0, 1, 2, 500000, 512.892090, 171.604, 2.23987e-05
2026-04-20T08:34:47, 2026-04-20T22:35:07, 2026-04-20T22:52:49, 2026-04-20T23:01:30, sol, 1, sg044, 1, 0, a100, 48, 0;1;2;3;4;5;6;7;8;9;10;11;12;13;14;15;16;17;18;19;20;21;22;23;24;25;26;27;28;29;30;31;32;33;34;35;36;37;38;39;40;41;42;43;44;45;46;47, streaming, performance, prod, 1, sg044, 1, 'NVIDIA A100-SXM4-80GB', 0, 46, N/A, 1, 45, 5000, 0, 0, 0, 0, 0, 0, 0, 5000, 0, 0, 1, 2, 500000, 516.638245, 170.267, 2.04496e-05
2026-04-20T08:34:47, 2026-04-20T22:35:07, 2026-04-20T23:01:31, 2026-04-20T23:10:12, sol, 1, sg044, 1, 0, a100, 48, 0;1;2;3;4;5;6;7;8;9;10;11;12;13;14;15;16;17;18;19;20;21;22;23;24;25;26;27;28;29;30;31;32;33;34;35;36;37;38;39;40;41;42;43;44;45;46;47, streaming, performance, prod, 1, sg044, 1, 'NVIDIA A100-SXM4-80GB', 0, 46, N/A, 1, 45, 5000, 0, 0, 0, 0, 0, 0, 0, 5000, 0, 0, 1, 2, 500000, 516.249023, 170.417, 3.1666e-05
2026-04-20T08:34:47, 2026-04-20T22:35:07, 2026-04-20T23:10:12, 2026-04-20T23:19:13, sol, 1, sg044, 1, 0, a100, 48, 0;1;2;3;4;5;6;7;8;9;10;11;12;13;14;15;16;17;18;19;20;21;22;23;24;25;26;27;28;29;30;31;32;33;34;35;36;37;38;39;40;41;42;43;44;45;46;47, streaming, performance, prod, 1, sg044, 1, 'NVIDIA A100-SXM4-80GB', 0, 46, N/A, 1, 45, 5000, 0, 0, 0, 0, 0, 0, 0, 5000, 0, 0, 1, 2, 500000, 535.295715, 164.293, 0.000419274
2026-04-20T08:34:47, 2026-04-20T22:35:07, 2026-04-21T03:06:40, 2026-04-21T03:18:18, sol, 1, sg044, 1, 0, a100, 48, 0;1;2;3;4;5;6;7;8;9;10;11;12;13;14;15;16;17;18;19;20;21;22;23;24;25;26;27;28;29;30;31;32;33;34;35;36;37;38;39;40;41;42;43;44;45;46;47, streaming, performance, prod, 1, sg044, 1, 'NVIDIA A100-SXM4-80GB', 0, 46, N/A, 1, 45, 5000, 0, 0, 0, 0, 0, 0, 0, 8, 0, 0, 1, 2, 500000, 692.802307, 126.447, 0.000335238
2026-04-20T08:34:47, 2026-04-20T22:35:07, 2026-04-21T03:18:18, 2026-04-21T03:29:44, sol, 1, sg044, 1, 0, a100, 48, 0;1;2;3;4;5;6;7;8;9;10;11;12;13;14;15;16;17;18;19;20;21;22;23;24;25;26;27;28;29;30;31;32;33;34;35;36;37;38;39;40;41;42;43;44;45;46;47, streaming, performance, prod, 1, sg044, 1, 'NVIDIA A100-SXM4-80GB', 0, 46, N/A, 1, 45, 5000, 0, 0, 0, 0, 0, 0, 0, 8, 0, 0, 1, 2, 500000, 681.090088, 128.565, 2.9137e-05
2026-04-20T08:34:47, 2026-04-20T22:35:07, 2026-04-21T03:29:45, 2026-04-21T03:41:07, sol, 1, sg044, 1, 0, a100, 48, 0;1;2;3;4;5;6;7;8;9;10;11;12;13;14;15;16;17;18;19;20;21;22;23;24;25;26;27;28;29;30;31;32;33;34;35;36;37;38;39;40;41;42;43;44;45;46;47, streaming, performance, prod, 1, sg044, 1, 'NVIDIA A100-SXM4-80GB', 0, 46, N/A, 1, 45, 5000, 0, 0, 0, 0, 0, 0, 0, 8, 0, 0, 1, 2, 500000, 677.338013, 129.306, 2.81029e-05
2026-04-20T08:34:47, 2026-04-20T22:35:07, 2026-04-21T03:41:07, 2026-04-21T03:52:28, sol, 1, sg044, 1, 0, a100, 48, 0;1;2;3;4;5;6;7;8;9;10;11;12;13;14;15;16;17;18;19;20;21;22;23;24;25;26;27;28;29;30;31;32;33;34;35;36;37;38;39;40;41;42;43;44;45;46;47, streaming, performance, prod, 1, sg044, 1, 'NVIDIA A100-SXM4-80GB', 0, 46, N/A, 1, 45, 5000, 0, 0, 0, 0, 0, 0, 0, 8, 0, 0, 1, 2, 500000, 676.347473, 129.501, 3.10119e-05
2026-04-20T08:34:47, 2026-04-20T22:35:07, 2026-04-21T03:52:29, 2026-04-21T04:03:52, sol, 1, sg044, 1, 0, a100, 48, 0;1;2;3;4;5;6;7;8;9;10;11;12;13;14;15;16;17;18;19;20;21;22;23;24;25;26;27;28;29;30;31;32;33;34;35;36;37;38;39;40;41;42;43;44;45;46;47, streaming, performance, prod, 1, sg044, 1, 'NVIDIA A100-SXM4-80GB', 0, 46, N/A, 1, 45, 5000, 0, 0, 0, 0, 0, 0, 0, 8, 0, 0, 1, 2, 500000, 678.457764, 129.289, 4.44263e-05
2026-04-23T16:25:08, 2026-04-28T09:27:02, 2026-04-28T09:27:13, 2026-04-28T09:37:03, sol, 1, sg015, 1, 0, a100, 48, 0;1;2;3;4;5;6;7;8;9;10;11;12;13;14;15;16;17;18;19;20;21;22;23;24;25;26;27;28;29;30;31;32;33;34;35;36;37;38;39;40;41;42;43;44;45;46;47, vanilla, optimization, prod, 1, sg015, 1, 'NVIDIA A100-SXM4-80GB', 0, 2, N/A, 1, 1, 5000, 0, 0, 0, 0, 0, 0, 0, 0, 0, 0, N/A, 2, 500000, 583.418823, 148.886, 6.73991e-06
2026-04-23T16:25:08, 2026-04-28T09:27:02, 2026-04-28T09:56:35, 2026-04-28T10:06:19, sol, 1, sg015, 1, 0, a100, 48, 0;1;2;3;4;5;6;7;8;9;10;11;12;13;14;15;16;17;18;19;20;21;22;23;24;25;26;27;28;29;30;31;32;33;34;35;36;37;38;39;40;41;42;43;44;45;46;47, vanilla, optimization, prod, 1, sg015, 1, 'NVIDIA A100-SXM4-80GB', 0, 12, N/A, 1, 11, 5000, 0, 0, 0, 0, 0, 0, 0, 0, 0, 0, N/A, 2, 500000, 580.518188, 149.188, 6.09237e-06
2026-04-23T16:25:08, 2026-04-28T09:27:02, 2026-04-28T10:06:21, 2026-04-28T10:16:10, sol, 1, sg015, 1, 0, a100, 48, 0;1;2;3;4;5;6;7;8;9;10;11;12;13;14;15;16;17;18;19;20;21;22;23;24;25;26;27;28;29;30;31;32;33;34;35;36;37;38;39;40;41;42;43;44;45;46;47, vanilla, optimization, prod, 1, sg015, 1, 'NVIDIA A100-SXM4-80GB', 0, 24, N/A, 1, 23, 5000, 0, 0, 0, 0, 0, 0, 0, 0, 0, 0, N/A, 2, 500000, 585.360840, 147.98, 5.60187e-06
2026-04-23T16:25:08, 2026-04-28T09:27:02, 2026-04-28T09:37:04, 2026-04-28T09:46:49, sol, 1, sg015, 1, 0, a100, 48, 0;1;2;3;4;5;6;7;8;9;10;11;12;13;14;15;16;17;18;19;20;21;22;23;24;25;26;27;28;29;30;31;32;33;34;35;36;37;38;39;40;41;42;43;44;45;46;47, vanilla, optimization, prod, 1, sg015, 1, 'NVIDIA A100-SXM4-80GB', 0, 4, N/A, 1, 3, 5000, 0, 0, 0, 0, 0, 0, 0, 0, 0, 0, N/A, 2, 500000, 579.362610, 149.68, 6.62986e-06
2026-04-23T16:25:08, 2026-04-28T09:27:02, 2026-04-28T10:16:12, 2026-04-28T10:23:43, sol, 1, sg015, 1, 0, a100, 48, 0;1;2;3;4;5;6;7;8;9;10;11;12;13;14;15;16;17;18;19;20;21;22;23;24;25;26;27;28;29;30;31;32;33;34;35;36;37;38;39;40;41;42;43;44;45;46;47, vanilla, optimization, prod, 1, sg015, 1, 'NVIDIA A100-SXM4-80GB', 0, 36, N/A, 1, 35, 5000, 0, 0, 0, 0, 0, 0, 0, 0, 0, 0, N/A, 2, 500000, 448.520294, 193.122, 4.35287e-06
2026-04-23T16:25:08, 2026-04-28T09:27:02, 2026-04-28T10:23:44, 2026-04-28T10:31:21, sol, 1, sg015, 1, 0, a100, 48, 0;1;2;3;4;5;6;7;8;9;10;11;12;13;14;15;16;17;18;19;20;21;22;23;24;25;26;27;28;29;30;31;32;33;34;35;36;37;38;39;40;41;42;43;44;45;46;47, vanilla, optimization, prod, 1, sg015, 1, 'NVIDIA A100-SXM4-80GB', 0, 40, N/A, 1, 39, 5000, 0, 0, 0, 0, 0, 0, 0, 0, 0, 0, N/A, 2, 500000, 455.442291, 190.22, 4.54495e-06
2026-03-10T16:34:15, 2026-03-11T05:10:56, 2026-03-11T05:11:02, 2026-03-11T05:19:30, sol, 1, sg032, 1, 0, a100, 48, 0;1;2;3;4;5;6;7;8;9;10;11;12;13;14;15;16;17;18;19;20;21;22;23;24;25;26;27;28;29;30;31;32;33;34;35;36;37;38;39;40;41;42;43;44;45;46;47, vanilla, optimization, prod, 1, sg032, 1, 'NVIDIA A100-SXM4-80GB', 0, 46, N/A, 1, 45, 5000, 0, 0, 0, 0, 0, 0, 0, 0, 0, 0, N/A, 2, 500000, 504.965332, 172.286, 1.89018e-05
2026-03-10T16:34:15, 2026-03-11T05:10:56, 2026-03-11T05:19:31, 2026-03-11T05:27:31, sol, 1, sg032, 1, 0, a100, 48, 0;1;2;3;4;5;6;7;8;9;10;11;12;13;14;15;16;17;18;19;20;21;22;23;24;25;26;27;28;29;30;31;32;33;34;35;36;37;38;39;40;41;42;43;44;45;46;47, vanilla, optimization, prod, 1, sg032, 1, 'NVIDIA A100-SXM4-80GB', 0, 48, N/A, 1, 47, 5000, 0, 0, 0, 0, 0, 0, 0, 0, 0, 0, N/A, 2, 500000, 478.871613, 180.669, 3.53778e-05
2026-04-23T16:25:08, 2026-04-28T09:27:02, 2026-04-28T09:46:50, 2026-04-28T09:56:34, sol, 1, sg015, 1, 0, a100, 48, 0;1;2;3;4;5;6;7;8;9;10;11;12;13;14;15;16;17;18;19;20;21;22;23;24;25;26;27;28;29;30;31;32;33;34;35;36;37;38;39;40;41;42;43;44;45;46;47, vanilla, optimization, prod, 1, sg015, 1, 'NVIDIA A100-SXM4-80GB', 0, 8, N/A, 1, 7, 5000, 0, 0, 0, 0, 0, 0, 0, 0, 0, 0, N/A, 2, 500000, 580.437683, 149.183, 5.11124e-06
2026-03-15T15:04:43, 2026-03-17T06:47:48, 2026-03-17T06:48:13, 2026-03-17T06:51:40, sol, 1, sg024, 1, 0, a100, 48, 0;1;2;3;4;5;6;7;8;9;10;11;12;13;14;15;16;17;18;19;20;21;22;23;24;25;26;27;28;29;30;31;32;33;34;35;36;37;38;39;40;41;42;43;44;45;46;47, vanilla, performance, equil, N/A, N/A, N/A, N/A, N/A, N/A, N/A, N/A, N/A, 0, 0, 0, 0, 0, 0, 0, 0, 0, 0, 0, N/A, N/A, N/A, N/A, NaN, NaN
2026-02-26T18:57:11, 2026-02-26T20:32:48, 2026-02-26T20:32:52, 2026-02-26T20:36:23, sol, 1, sg014, 1, 0, a100, 48, 0;1;2;3;4;5;6;7;8;9;10;11;12;13;14;15;16;17;18;19;20;21;22;23;24;25;26;27;28;29;30;31;32;33;34;35;36;37;38;39;40;41;42;43;44;45;46;47, vanilla, optimization, equil, N/A, N/A, N/A, N/A, N/A, N/A, N/A, N/A, N/A, 0, 0, 0, 0, 0, 0, 0, 0, 0, 0, 0, N/A, N/A, N/A, N/A, NaN, NaN
